ATA,Descripción,Sentido,IMD Lab.,MES,IMD Laborables
A1,ACCESO BARCELONA (entrada y salida),Entre V-21 y Rotonda,722810833333333.0,ENERO_2025,
A10,PASEO DE LA ALAMEDA,De Pte. Exposición  a Pte. Del Real,322885275.0,ENERO_2025,
A100,EMILIO BARO,De Primado Reig a Alboraya,568020583333333.0,ENERO_2025,
A102,ERNESTO FERRER ,De Cardenal Benlloch a Av. de Aragón,42831825.0,ENERO_2025,
A103,EUGENIA VIÑES ,De Acequia de la cadena a Mediterráneo,391575228333333.0,ENERO_2025,
A104,EUGENIA VIÑES ,Entre Dr. Marcos Sopena y Mediterráneo,715609708333333.0,ENERO_2025,
A105,FILIPINAS,Entre Gibraltar y Peris y Valero,186096732083333.0,ENERO_2025,
A106,FONTANARES ,Entre Archiduque Carlos y Gaspar Aguilar,714166.0,ENERO_2025,
A107,AV. DE FRANCIA,De Tomás de Montañana a Menorca,918101666666667.0,ENERO_2025,
A108,GASCO OLIAG ,De Blasco Ibáñez a Primado Reig,66987425.0,ENERO_2025,
A109,GASPAR AGUILAR ,Entre Fontanares y Tomás de Villarroya,140239925.0,ENERO_2025,
A11,NUEVA ALAMEDA,De Menorca a Tomás de Montañana,7847335.0,ENERO_2025,
A110,GASPAR AGUILAR ,De Jesús a Fontanares,107610941666667.0,ENERO_2025,
A112,GENERAL ELIO ,Entre Blasco Ibáñez y Puente del Real,337884275.0,ENERO_2025,
A113,GENERAL GIL DOLZ ,De Alameda a Amadeo de Saboya,491989416666667.0,ENERO_2025,
A114,AVDA. AMADO GRANELL MESADO (MILITAR),Entre Av. De la Plata y Hermanos Maristas,94483.0,ENERO_2025,
A115,AVDA. AMADO GRANELL MESADO (MILITAR),Entre Peris y Valero y Av. De la Plata,764404041666667.0,ENERO_2025,
A116,GIORGETA ,Entre San Vicente y Jesús,460621341083333.0,ENERO_2025,
A117,FERNANDO EL CATOLICO,Entre Ángel Guimerá y Paseo Pechina,515261280416667.0,ENERO_2025,
A118,GERMANIAS,Entre Ruzafa y Túnel,559686416666667.0,ENERO_2025,
A119,P.I. DE GERMANIAS,Pte. Aragón,487492095833333.0,ENERO_2025,
A12,NUEVA ALAMEDA,Entre Pte. Del Reino y Eduardo Bosca,186946008333333.0,ENERO_2025,
A120,MARQUES DEL TURIA,Entre Hernán Cortés y Ruzafa,590426204166667.0,ENERO_2025,
A121,MARQUES DEL TURIA,Entre Puente Aragón y Hernán Cortés,5285424895.0,ENERO_2025,
A122,RAMON Y CAJAL,Entre Pz. España y Ángel Guimerá,569239497916667.0,ENERO_2025,
A123,GUADALAVIAR ,Entre Sagunto y Av. Constitución,406576361111111.0,ENERO_2025,
A124,GUILLEM DE CASTRO ,De Hospital a Quart,1220208875.0,ENERO_2025,
A126,GUILLEM DE CASTRO ,De Pte. Las Artes a Pte. San José,351637966666667.0,ENERO_2025,
A127,GUILLEM DE CASTRO ,De Quart a Paseo Pechina,127019883333333.0,ENERO_2025,
A128,GUILLEM DE CASTRO ,De Plz. San Agustín a Hospital,260486970833333.0,ENERO_2025,
A13,ALBORAYA,Entre Molinell y Primado Reig,838960583333333.0,ENERO_2025,
A130,HERNAN CORTES ,De Colón a G.V. Marqués del Túria,434802833333333.0,ENERO_2025,
A131,ISABEL DE VILLENA ,De Acequia de la Cadena a Mendizábal,3306166875.0,ENERO_2025,
A132,ISABEL LA CATOLICA ,De G.V. Marqués del Túria a Colón,374481666666667.0,ENERO_2025,
A134,ISLAS CANARIAS ,De Tomás Montañana a Alameda,7202216725.0,ENERO_2025,
A135,J.J. DOMINE ,Entre Av. Del Puerto y Plz. De la Armada Española,194515166666667.0,ENERO_2025,
A136,JACINTO BENAVENTE ,Entre Marqués del Túria y Peris y Valero,33519474537037.0,ENERO_2025,
A137,JAIME BELTRAN ,Entre Gaspar Aguilar y Uruguay,6441885.0,ENERO_2025,
A138,JAIME ROIG ,Entre Blasco Ibáñez y Primado Reig,596131166666667.0,ENERO_2025,
A139,JESUS ,De G.V. Ramón y Cajal a Pérez Galdós,18366425.0,ENERO_2025,
A14,ALBORAYA,De San Pío V a Molinell,100546501.0,ENERO_2025,
A140,JESUS ,De Guillem de Castro a G.V. Ramón y Cajal,105483366666667.0,ENERO_2025,
A141,JOAQUIN BALLESTER ,De Pío XII a Ricardo Micó,794131833333333.0,ENERO_2025,
A142,JOAQUIN BENLLOCH ,Entre Peris y Valero e Isla Cabrera,68193524122807.0,ENERO_2025,
A144,LLANO DE ZAIDIA ,Entre Av. Constitución y Av. Burjasot,436280433333333.0,ENERO_2025,
A145,LORCA ,De Pérez Galdós a Av. Del Cid,170649616666667.0,ENERO_2025,
A146,MAESTRO RODRIGO ,Entre Pte. Campanar y Valle de la Ballestera,418439708333333.0,ENERO_2025,
A147,MAESTRO RODRIGO ,Entre Valle de la Ballestera y General Avilés,444404.0,ENERO_2025,
A148,CARRERA  DE MALILLA,Entre Ronda Sur y Peris Valero,979594630952381.0,ENERO_2025,
A149,CARRERA DE MALILLA,Entre V-30 y Ronda Sur,111680133333333.0,ENERO_2025,
A15,ALCALDE REIG ,De Av. De la Plata a Antiguo Reino de Valencia,378607066666667.0,ENERO_2025,
A152,MANUEL DE FALLA ,De Maestro Rodrigo a Av. Pío Baroja,222422720833333.0,ENERO_2025,
A153,MANUEL SOTO INGENIERO,Entre Pte. De Astilleros a Av. Del Puerto,160746216666667.0,ENERO_2025,
A154,MARQUES DE SOTELO ,Entre Játiva y Plz. Ayuntamiento,540104333333333.0,ENERO_2025,
A155,MATIAS PERELLO ,De Av. Antiguo Reino y Maestro Aguilar,647915791666667.0,ENERO_2025,
A156,MEDITERRANEO,De la Reina a Eugenia Viñes,692583333333333.0,ENERO_2025,
A157,MEDITERRANEO,Entre Serrería y la Reina,412831578947368.0,ENERO_2025,
A158,MENENDEZ PIDAL ,Entre Av. Burjasot y Ricardo Micó,408356733333333.0,ENERO_2025,
A161,MENORCA ,Entre Islas Baleares y Av. Puerto,4175036875.0,ENERO_2025,
A163,MESTRE RACIONAL ,De Jacinto Benavente a Av. Antiguo Reino,73806475.0,ENERO_2025,
A164,MICER MASCO ,De Av. Suecia a Alameda,30385325.0,ENERO_2025,
A165,AV. DE LOS NARANJOS,Entre Ramón Llull y Rotonda V-21,428849120833333.0,ENERO_2025,
A166,NAVARRO REVERTER ,De Plz. Porta de la Mar y Plz. América,854962166666667.0,ENERO_2025,
A167,NICASIO BENLLOCH ,De Av. Campanar a Av. Burjasot,785658333333333.0,ENERO_2025,
A168,NICASIO BENLLOCH ,De Camp del Túria a La Safor,117534795833333.0,ENERO_2025,
A169,NICASIO BENLLOCH ,De La Safor a General Avilés,132683758333333.0,ENERO_2025,
A170,NUEVE DE OCTUBRE  (Ambos Sentidos),De Paseo Pechina a Avenida Cid,100172429166667.0,ENERO_2025,
A171,PADRE FERRIS ,Entre Joaquín Ballester y Menéndez Pidal,132282866666667.0,ENERO_2025,
A173,PASEO CIUDADELA ,De Pte. De la Exposición a Pte. De las Flores,143234158333333.0,ENERO_2025,
A174,PASEO CIUDADELA ,De Pte. del Real a Pte. De la Exposición,202388325.0,ENERO_2025,
A175,PASEO PECHINA ,De Fernando El Católico a Guillem de Castro,267384391666667.0,ENERO_2025,
A176,PASEO PECHINA ,De Nueve de Octubre a Pérez Galdós,257368929166667.0,ENERO_2025,
A177,PASEO PECHINA ,De Pérez Galdós a Fernando el Católico,240640079166667.0,ENERO_2025,
A178,PAVIA ,Entre Acequia de la Cadena y Mendizábal,37048825.0,ENERO_2025,
A179,PAVIA ,Entre Av. Mediterráneo y Acequia de la Cadena,405423350877193.0,ENERO_2025,
A18,ANGEL GUIMERA ,De Erudito Orellana a Pérez Galdós,303471875.0,ENERO_2025,
A180,PAZ ,De Comedias a Plz. Reina,106993033333333.0,ENERO_2025,
A181,PAZ ,De Glorieta a Comedias,111440458333333.0,ENERO_2025,
A182,PEDRAPIQUERS ,Entre Archiduque Carlos y Polígono Vara de Quart,164211191666667.0,ENERO_2025,
A183,PEDRO ALEIXANDRE ,Entre Alcalde Reig y Peris y Valero,41285525.0,ENERO_2025,
A185,PEREZ GALDOS ,Entre Cuenca y Ángel Guimerá,61675625.0,ENERO_2025,
A186,PEREZ GALDOS ,Entre Jesús y Cuenca,629643208333333.0,ENERO_2025,
A187,PERIS Y VALERO ,Entre Ausias March y Zapadores,390013533333333.0,ENERO_2025,
A188,PERIS Y VALERO ,Entre Av. Amado Granell Mesado (militar) y Alcalde Reig,375479520833333.0,ENERO_2025,
A189,P.E. AV. GIORGETA,Entre San Vicente y Ausias March,540539133333333.0,ENERO_2025,
A19,ANGEL GUIMERA ,De Guillem de Castro a Fernando el Católico,44193675.0,ENERO_2025,
A190,PERIS Y VALERO ,Entre Zapadores y Av. Amado Granell Mesado (militar),421310731481481.0,ENERO_2025,
A191,PINTOR LOPEZ ,De Pte. Trinidad a Pte. Del Real,2972991.0,ENERO_2025,
A192,"PIO BAROJA, AVENIDA ",desde MANUEL DE FALLA hasta VALLE DE LA BALLESTERA,496160858333333.0,ENERO_2025,
A193,PIO XII ,desde AVENIDA CAMPANAR hasta GENERAL AVILES,852415925.0,ENERO_2025,
A194,PIO XII ,Entre Pte. Ademúz y Av. Camapanar,666059358333333.0,ENERO_2025,
A195,AV. DE LA PLATA,Entre Autopista del Saler y Av. Amado Granell Mesado (militar),103468991666667.0,ENERO_2025,
A196,AV. DE LA PLATA,Entre Av. Amado Granell Mesado (militar) y Zapadores,968010166666667.0,ENERO_2025,
A197,AV. DE LA PLATA,Entre Zapadores y Ausias March,974411020833333.0,ENERO_2025,
A198,PRIMADO REIG ,Entre Alfahuir y Dolores Marques,4039299875.0,ENERO_2025,
A199,PRIMADO REIG ,Entre Av. Constitución y Alfahuir,464933085087719.0,ENERO_2025,
A20,ANTIGUO REINO,Entre Germanías y Matías Perelló,114037386491228.0,ENERO_2025,
A200,PRIMADO REIG ,Entre Doctor Gómez Ferrer y Av. Cataluña,3330579375.0,ENERO_2025,
A201,PRIMADO REIG ,Entre Dolores Marques y Doctor Gómez Ferrer,328585966666667.0,ENERO_2025,
A202,P.I. PRIMADO REIG,Entre Primado Reig y Dr. Peset Aleixandre,366720308333333.0,ENERO_2025,
A204,"PUERTO, AVENIDA DEL ",De Pl. Zaragoza a Cardenal Benlloch,171254345833333.0,ENERO_2025,
A205,"PUERTO, AVENIDA DEL ",de Cardenal Benlloch a Manuel Candela,215257.0,ENERO_2025,
A206,"PUERTO, AVENIDA DEL ",de Serrería a Puerto,164241229166667.0,ENERO_2025,
A207,AV. DEL PUERTO,de Manuel Candela a Serrería,192010688333333.0,ENERO_2025,
A208,QUART - S.J. MONTAÑA ,De Fernando el Católico a Pérez Galdós,628530708333333.0,ENERO_2025,
A209,QUART ,De Guillem de Castro a Fernando el Católico,593280083333333.0,ENERO_2025,
A21,ANTIGUO REINO,De  Matías Perelló a Peris y Valero,95642725.0,ENERO_2025,
A210,QUEVEDO ,De Avda. de L'Oest a Guillem de Castro,677547333333333.0,ENERO_2025,
A211,RAMON LLULL ,Entre Blasco Ibáñez y Camino el Cabañal,243248245833333.0,ENERO_2025,
A212,RAMON LLULL ,Entre Camino del Cabañal y Av. De los Naranjos,18021293125.0,ENERO_2025,
A213,CALLE DE LA REINA,De Av. Naranjos a Pintor Ferrandis,415146041666667.0,ENERO_2025,
A214,CALLE DE LA REINA,De Mediterráneo a Plz. De la Armada Española,534466708333333.0,ENERO_2025,
A216,ROGER DE LAURIA ,De Plz. Ayuntamiento a Pascual y Genís,584980833333333.0,ENERO_2025,
A217,RUZAFA ,De Germanías a Colón,773988416666667.0,ENERO_2025,
A218,RUZAFA + MAESTRO AGUILAR,De Peris y Valero a Germanías,572330458333333.0,ENERO_2025,
A219,LA SAFOR,Entre Cortes Valencianas y Nicasio Benlloch,1470891.0,ENERO_2025,
A22,ANTIGUO REINO,Entre Peris y Valero y Alcalde Reig,107687929824561.0,ENERO_2025,
A220,GARBÍ,De Av. Burjasot a Nicasio Benlloch,333844416666667.0,ENERO_2025,
A221,SAGUNTO ,De Maximiliano Thous a Primado Reig,419141333333333.0,ENERO_2025,
A223,SAN PIO V ,De Pte. Del Real a Alboraya,344657108333333.0,ENERO_2025,
A224,SAN VICENTE ,De Giorgeta a Plz. España,1662472625.0,ENERO_2025,
A225,SAN VICENTE ,Entre José Soto Micó y Tomás de Villarroya,201296770833333.0,ENERO_2025,
A226,SAN VICENTE ,De Plz. España a Játiva,133749641666667.0,ENERO_2025,
A227,SAN VICENTE ,Entre Tomás de Villarroya y Giorgeta,227624078.0,ENERO_2025,
A228,SAN VICENTE ,De Játiva a Periodista Azzati,657757333333333.0,ENERO_2025,
A230,SANTOS JUSTO Y PASTOR ,Entre Doctor Manuel Candela y Cardenal Benlloch,8512665.0,ENERO_2025,
A231,SANTOS JUSTO Y PASTOR ,Entre José Maria Haro y Doctor Manuel Candela,960770034166667.0,ENERO_2025,
A232,SERRERIA ,Entre Av. Naranjos y Mendizábal,248006157166667.0,ENERO_2025,
A233,SERRERIA ,Entre Av. Del Puerto y Santos Justo y Pastor,43473918.0,ENERO_2025,
A234,SERRERIA,Entre Blasco Ibáñez y Av. De los Naranjos,307499245916667.0,ENERO_2025,
A235,SERRERIA ,Entre Santos Justo y Pastor y Blasco Ibáñez,479777192708333.0,ENERO_2025,
A236,SORNI,De Pl. de América a Colón,363000375.0,ENERO_2025,
A237,SUECIA,Entre Micer Mascó y Blasco Ibáñez,756072894736842.0,ENERO_2025,
A238,PL. TETUAN,De Puente del Real Glorieta,237373616666667.0,ENERO_2025,
A239,TIRSO DE MOLINA ,Entre Av. De Campanar y  Maestro Rodrigo,338578966666667.0,ENERO_2025,
A24,ARCHIDUQUE CARLOS ,Entre Fontanares y Tres Forques,292189258333333.0,ENERO_2025,
A240,TIRSO DE MOLINA ,De Pío XII a Av. De Campanar,210712975.0,ENERO_2025,
A241,TOMAS DE MONTAÑANA ,Entre Islas Baleares y Av. Del Puerto,300314741666667.0,ENERO_2025,
A242,TOMAS DE MONTAÑANA ,De Puente de Monteolivete a Av. Del Puerto,139865775.0,ENERO_2025,
A243,TOMAS DE VILLARROYA ,De Gaspar Aguilar a San Vicente,125444.0,ENERO_2025,
A244,VARIANTE DE LA TORRE,Entre V-30 y San Vicente,2358624.0,ENERO_2025,
A245,TRES CRUCES ,Entre Av. Del Cid y Tres Forques,578241660877193.0,ENERO_2025,
A246,TRES CRUCES ,Entre Tres Forques y Archiduque Carlos,558892365916667.0,ENERO_2025,
A247,TRES FORQUES ,Entre Archiduque Carlos y Tres Cruces,122078640625.0,ENERO_2025,
A248,TRES FORQUES ,Entre Pérez Galdós y Archiduque Carlos,183107971315789.0,ENERO_2025,
A25,ARCHIDUQUE CARLOS ,Entre Tres Cruces y Fontanares,30216625625.0,ENERO_2025,
A250,VALLE DE LA BALLESTERA ,Entre Pío Baroja y Maestro Rodrigo,12783555.0,ENERO_2025,
A251,VALLE DE LA BALLESTERA ,Entre Maestro Rodrigo y Pío XII,122356904166667.0,ENERO_2025,
A252,XATIVA ,De Marqués de Sotelo a Pl. San Agustín,236096307017544.0,ENERO_2025,
A253,YECLA ,Entre Cardenal Benlloch y Manuel Candela,66026825.0,ENERO_2025,
A254,ZAPADORES ,De Av. De la Plata a Peris y Valero,554738083333333.0,ENERO_2025,
A255,ADEMUZ (ACCESO) ,Entre Camp de Turia y La Safor,803361908333333.0,ENERO_2025,
A256,BLANQUERIAS ,De Puente de San José a Pte. de Serranos,345035908333333.0,ENERO_2025,
A257,MISLATA (ACCESO) (Pechina - Castán Tobeñas),,168684025.0,ENERO_2025,
A258,INSTITUTO OBRERO DE VALENCIA,Entre Autopista del Saler y Av. Amado Granell Mesado (militar),304096758333333.0,ENERO_2025,
A259,MANUEL CANDELA ,Entre Santos Justo y Pastor y Av. del Puerto,31816831875.0,ENERO_2025,
A26,ARCHIDUQUE CARLOS ,De Av. Del Cid a Tres Forques,1422208375.0,ENERO_2025,
A260,AV. BALEARES ,De Tomás de Montañana a Eduardo Bosca,1751277875.0,ENERO_2025,
A261,AV. BALEARES ,De Menorca a Tomás de Montañana,136410389583333.0,ENERO_2025,
A262,SAGUNTO ,De Pl. Santa Mónica a Fray Pedro Vives,457654.0,ENERO_2025,
A263,AV. CONSTITUCIÓN,De Ruaya a Llano de Zaida,631764875.0,ENERO_2025,
A264,GIBRALTAR,De Buenos Aires a G.V. Germanías,600290083333333.0,ENERO_2025,
A265,PEDRO ALEIXANDRE,De Luís Oliag a Peris y Valero,41285525.0,ENERO_2025,
A266,PLAZA AMÉRICA,De Pte. De Aragón a Pte. De las Flores,253768608333333.0,ENERO_2025,
A267,PUENTE NUEVE DE OCTUBRE,Entre Pechina y Manuel de Falla,665420291666667.0,ENERO_2025,
A268,PUENTE DEL MONTEOLIVETE,Entre Nueva Alameda y Camino del Saler,306568675.0,ENERO_2025,
A269,ROGER DE LAURIA ,De Pascual y Genís a Colón,361137666666667.0,ENERO_2025,
A27,AUSIAS MARCH ,Entre Av. De la Plata y Peris y Valero,485749254166667.0,ENERO_2025,
A270,PUENTE DE CAMPANAR,Entre Tirso de Molina y Paseo de Pechina,489736408333333.0,ENERO_2025,
A271,PUENTE DE ADEMUZ,Entre Menéndez Pidal y Paseo de Pechina,690186891666667.0,ENERO_2025,
A272,PUENTE DE LAS ARTES,Entre Menéndez Pidal y Guillem de Castro,135167791666667.0,ENERO_2025,
A273,MENÉNDEZ PIDAL ,Entre Ricardo Micó y Pio XII,424600666666667.0,ENERO_2025,
A275,PUENTE DE LA TRINIDAD,De Conde Trenor a San Pio V,854152083333333.0,ENERO_2025,
A276,PUENTE DEL REAL,De Pintor López a Alameda,206739291666667.0,ENERO_2025,
A277,PUENTE DE LAS FLORES,De Pl. de América a Alameda,754677575757576.0,ENERO_2025,
A278,PUENTE DE ARAGÓN,Entre Pl. Zaragoza y Marqués del Turia,626127383333333.0,ENERO_2025,
A279,PUENTE DEL REINO,Entre Nueva Alameda y Alcalde Reig,795965916666667.0,ENERO_2025,
A28,AUSIAS MARCH ,Entre Hermanos Maristas y Av. De la Plata,476129383333333.0,ENERO_2025,
A280,PUENTE DE ANGEL CUSTODIO,Entre Nueva Alameda y Alcalde Reig,443256625.0,ENERO_2025,
A281,PUENTE DE ASTILLEROS,Entre Espolón Cantarranas y Nazaret,164404458333333.0,ENERO_2025,
A283,JUAN VERDEGUER,desde IBIZA hasta INGENIERO MANUEL SOTO,126689070833333.0,ENERO_2025,
A284,CLARIANO ,Entre Ramal de Salida y Av. Cataluña,1992175.0,ENERO_2025,
A285,PESET ALEIXANDRE,Entre Gral. Llorens y Loriguilla,168479277777778.0,ENERO_2025,
A286,PESET ALEIXANDRE,Entre General Avilés y Juan XXIII,379315341666667.0,ENERO_2025,
A287,ACCESO BARCELONA (PASO INFERIOR),Entre V-21 y Av. Cataluña,428732975.0,ENERO_2025,
A288,SAGUNTO ,De Pz. Santa Mónica a Ruaya,454468916666667.0,ENERO_2025,
A289,AVDA. CONSTITUCIÓN ,De Travesía Moncada a Llano de Zaidia,973020625.0,ENERO_2025,
A29,AUSIAS MARCH ,Entre Boulevard Sur y Hermanos Maristas,673392104583333.0,ENERO_2025,
A290,SAN JOSÉ DE CALASANZ ,De Pérez Galdós a C/ Jesús,213618566666667.0,ENERO_2025,
A291,PINTOR BENEDITO ,De Jesús a Pz. España,253567308333333.0,ENERO_2025,
A292,PEDRO ALEIXANDRE ,De Escultor José Capuz a Peris y Valero,41285525.0,ENERO_2025,
A293,DR. MANUEL CANDELA ,Entre Av. Puerto y Santo Justo y Pastor,31816831875.0,ENERO_2025,
A294,JOAQUÍN BALLESTER ,De Padre Ferris a Av. Pío XII,794131833333333.0,ENERO_2025,
A295,CLARIANO (SIN PASO INFERIOR),Entre Av. Cataluña y Albalat dels Tarongers,206655591666667.0,ENERO_2025,
A296,ACCESO BARCELONA RAMAL DE ENTRADA,De V-21 a Rotonda,172706111111111.0,ENERO_2025,
A297,ACCESO  BARCELONA (RAMAL DE SALIDA DE ROTONDA A V-21),De Paso Inferior a V-21,654865392156863.0,ENERO_2025,
A298,ACCESO DE BURJASSOT (ENTRADA),De Av. Burjasot a Nicasio Benlloch,30889725.0,ENERO_2025,
A299,CAMP DEL TURIA ,Entre Cortes Valencianas y Nicasio Benlloch,143260483333333.0,ENERO_2025,
A3,AV. CATALUÑA [De Rotonda a Primado Reig],,176363358333333.0,ENERO_2025,
A30,AUTOPISTA DEL SALER ,Entre Antonio Ferrandis y Carretera del Riu,3458672.0,ENERO_2025,
A301,POETA QUEROL ,De C:/ La Paz a Pintor Sorolla,810804166666667.0,ENERO_2025,
A303,JESUS,De Pérez Galdós a Pza. Jesús,105820555555556.0,ENERO_2025,
A305,IBIZA ,Entre Islas Baleares y Menorca,281348377192982.0,ENERO_2025,
A307,ACCESO BARCELONA (SALIDA),De P.I. Av. Cataluña a V-21,168540483333333.0,ENERO_2025,
A308,CORTES VALENCIANAS (de Camp del Túria a La Safor ),Entrada,350670933333333.0,ENERO_2025,
A309,CORTES VALENCIANAS (de Camp del Túria a La Safor ),Salida,452690975.0,ENERO_2025,
A31,AUTOPISTA LATERALES DEL SALER,Entre Av. De la Plata y Pte. De Monteolivete,219503133333333.0,ENERO_2025,
A310,AUSIAS MARCH ( ENTRADA),De Bulevar Sur a Hermanos Maristas,353819258333333.0,ENERO_2025,
A311,AUSIAS MARCH (SALIDA),De Hermanos Maristas a Bulevar Sur,31957284625.0,ENERO_2025,
A312,AUTOPISTA DEL SALER (P.I.+ Vía servicio ENTRADA),De Carretera Riu a  C/ Actor Antonio Ferrandis,170049916666667.0,ENERO_2025,
A313,AUTOPISTA DEL SALER (P.I+ Vía de servicio SALIDA),De Actor Antonio Ferrandis a Carretera Riu,175817283333333.0,ENERO_2025,
A314,AV. CID,De V-30 a Tres Cruces,504964475.0,ENERO_2025,
A315,AV. CID,De Tres Cruces a V-30,601326466666667.0,ENERO_2025,
A316,CAMINO NUEVO DE PICANYA,de V-30 a Pedrapiquers,380055733333333.0,ENERO_2025,
A317,CAMINO NUEVO DE PICANYA,de Pedrapiquers a V-30,3904449.0,ENERO_2025,
A319,CONSTITUCION,de San Miguel de los Reyes a  Avda. Doctor Peset Aleixandre,103356566666667.0,ENERO_2025,
A32,AUTOPISTA DEL SALER ,Entre Pte. De Monteolivete y Antonio Ferrandis,223360525.0,ENERO_2025,
A320,CONSTITUCION,De Doctor Peset Aleixandre a San Miguel de los Reyes,100732775.0,ENERO_2025,
A321,MARQUES DEL TURIA,De Puente Aragón a Hernán Cortes,264109975.0,ENERO_2025,
A322,MARQUES DEL TURIA,De Hernán Cortes a Puente de Aragón,2644325145.0,ENERO_2025,
A323,PERIS Y VALERO ,De Zapadores a Av. Amado Granell Mesado (militar),2488158.0,ENERO_2025,
A324,PERIS Y VALERO ,De Av. Amado Granell Mesado (militar) a Zapadores,173328592592593.0,ENERO_2025,
A325,BLASCO IBAÑEZ ,De Av. Aragón a Clariano,184150505952381.0,ENERO_2025,
A326,BLASCO IBAÑEZ ,De Av. Aragón a Clariano,187929808333333.0,ENERO_2025,
A329,TRES FORQUES ,De Tres Cruces a Archiduque Carlos,645157291666667.0,ENERO_2025,
A330,TRES FORQUES ,De Archiduque Carlos a Tres Cruces,575629114583333.0,ENERO_2025,
A331,AUSIAS MARCH,De Hermanos Maristas a Av. De la Plata,265932975.0,ENERO_2025,
A332,AUSIAS MARCH ,De Av. De la Plata a Hermanos Maristas,210196408333333.0,ENERO_2025,
A334,DOCTOR MANUEL CANDELA ,De Santos Justo y Pastor a Av. Del Puerto,176702264583333.0,ENERO_2025,
A336,DOCTOR MANUEL CANDELA ,De Av. Del Puerto a Santos Justo y Pastor,141466054166667.0,ENERO_2025,
A337,FONTANARES,De Archiduque Carlos a Gaspar Aguilar,370748083333333.0,ENERO_2025,
A34,AV. DE ARAGON,Entre Pl. Zaragoza y Ernesto Ferrer,564460031385281.0,ENERO_2025,
A342,FERNANDO EL CATOLICO,De Paseo de Pechina a Ángel Guimerá,27288375125.0,ENERO_2025,
A343,FERNANDO EL CATOLICO,De Ángel Guimerá a Paseo de Pechina,242377529166667.0,ENERO_2025,
A344,CONSTITUCION,De Ruaya a Llano de Zaidia,126352975.0,ENERO_2025,
A345,PUENTE EXPOSICIÓN,De Paseo de Ciudadela a Alameda,109878366666667.0,ENERO_2025,
A347,CARRER DE LA DEMOCRÀCIA,De Pérez Galdós a Velázquez,498570666666667.0,ENERO_2025,
A349,MAESTRO GUERRERO,De Av. Pérez Galdós a Juan Llorens,2281065.0,ENERO_2025,
A35,AV. BURJASSOT,De Doctor Peset Aleixandre a Pintor Matarana,534929458333333.0,ENERO_2025,
A350,AYORA,De Tres Forques a Av. Del Cid,716687166666667.0,ENERO_2025,
A351,MEDITERRANEO,Entre Doctor Lluch  y Eugenia Viñes,16739025.0,ENERO_2025,
A353,SAN VICENTE - PERIODISTA AZZATI,De Pl. de San Agustín a Sangre y Pl. del Ayuntamiento,577295675.0,ENERO_2025,
A355,MENENDEZ PIDAL,Entre Beltrán Báguena y Pío XII,424600666666667.0,ENERO_2025,
A356,P.I. AUTOPISTA DEL SALER,Entre Av. De la Plata y Autopista del Saler,166124625.0,ENERO_2025,
A357,AUTOPISTA DEL SALER (PASO INFERIOR Y LATERAL),Entre Instituto Obrero y Antonio Ferrandis,38948515.0,ENERO_2025,
A359,JOSE Mª HARO,Entre Justo y Pastor y Pedro de Valencia,29895.0,ENERO_2025,
A36,AV. BURJASSOT,De Llano de Zaidia a Reus,113619774509804.0,ENERO_2025,
A360,AV. DE LOS NARANJOS,Entre Ramón Llull y Luís Peixó,315464647916667.0,ENERO_2025,
A361,TRES FORQUES,Entre Tres Cruces y V-30,1344641375.0,ENERO_2025,
A363,GENERAL AVILES,Entre Maestro Rodrigo y Pío Baroja,264380391666667.0,ENERO_2025,
A364,PIO BAROJA,Entre Valle de la Ballestera y General Avilés,232545591666667.0,ENERO_2025,
A365,MAESTRO RODRIGO,Entre General Avilés y Camp de Turia,324104504385965.0,ENERO_2025,
A366,JUAN XXIII,Entre Periodista Gil Sumbiela y Río Nervión,221317358333333.0,ENERO_2025,
A367,JUAN XXIII,Entre Peset Aleixandre y Hermanos Machado,202283250416667.0,ENERO_2025,
A368,AV. DE FRANCIA,Entre Tomás de Montañana y Pintor Maella,106236925.0,ENERO_2025,
A369,PASEO DE LA ALAMEDA - AVENIDA DE FRANCIA,Entre Pte. Del Reino y Pte. De Monteolivete,244049466666667.0,ENERO_2025,
A37,AV. BURJASSOT,Entre Luis Braille y Burjasot,570656083333333.0,ENERO_2025,
A370,PASEO DE LA ALAMEDA,Entre Pte. De Monteolivete y Menorca,134014541666667.0,ENERO_2025,
A371,P.E. BULEVAR SUR,Entre San Vicente y Carretera de Malilla,448141333333333.0,ENERO_2025,
A372,BULEVAR SUR,Entre Carrera de Malilla y Pista de Silla,312763229166667.0,ENERO_2025,
A373,ACCESO POR V-31 (PISTA DE SILLA),Entre Bulevar Sur y V-31,101435795833333.0,ENERO_2025,
A374,TRES CRUCES ENTRE GASPAR AGUILAR Y CAMPOS CRESPO,,344394391666667.0,ENERO_2025,
A375,BULEVAR SUR,Entre Gaspar Aguilar y San Vicente,4009485625.0,ENERO_2025,
A376,RONDA NORTE,Entre Av. Cataluña y Emilio Baró,602565775.0,ENERO_2025,
A377,MAESTRO RODRIGO,Entre Camp de Turia y La Safor,394677025.0,ENERO_2025,
A378,LA SAFOR,Entre Maestro Rodrigo y Av. de les Corts Valencianes,247805258333333.0,ENERO_2025,
A38,AV. BURJASSOT,De Pintor Matarana a Luis Braille,389896958333333.0,ENERO_2025,
A382,PIO BAROJA,Entre Gral. Avilés y Maestro Rodrigo,22097395.0,ENERO_2025,
A383,ALFAHUIR,Entre Ronda Norte y Primado Reig,189398044.0,ENERO_2025,
A384,TOMAS DE MONTAÑANA,Entre Av. Francia y Av. Baleares,315983291666667.0,ENERO_2025,
A385,CAMPOS CRESPO,Entre Dr. Marañón y Jacinto Labaila,446331481481481.0,ENERO_2025,
A386,SUECA,De Literato Azorín a Puerto Rico,21616.0,ENERO_2025,
A387,TRES CRUCES,Entre Archiduque Carlos y Campos Crespo,374790791666667.0,ENERO_2025,
A388,ALFAHUIR,Entre Valladolid y Primado Reig,152932054166667.0,ENERO_2025,
A39,AV. BURJASSOT,De Reus a Peset Aleixandre,845682916666667.0,ENERO_2025,
A390,RONDA NORTE,De Juan XXIII a Alfahuir,38682410525.0,ENERO_2025,
A391,RONDA NORTE,De Alfahuir a Juan XXIII,41023756675.0,ENERO_2025,
A392,ALFAHUIR ENTRADA - EMILIO BARO,Entre Ronda Norte y Primado Reig,1223654795.0,ENERO_2025,
A393,P.I. RONDA NORTE,Entre Alfahuir y Camino de Moncada,56636185.0,ENERO_2025,
A394,ALFAHUIR (SALIDA),De Primado Reig a Ronda Norte,8110437225.0,ENERO_2025,
A395,C/ RUAYA,Entre Constitución y Sagunto,727642708333333.0,ENERO_2025,
A396,C/ PINTOR MAELLA,Entre Baleares y Menorca,1052818625.0,ENERO_2025,
A397,REUS,Entre Burjassot y Constitución,789806358333333.0,ENERO_2025,
A398,HERMANOS MACHADO,Entre Juan XXIII y Av. Constitución,871290616666667.0,ENERO_2025,
A399,HERMANOS MACHADO,Entre Constitución y Alfahuir,697713870833333.0,ENERO_2025,
A402,AV. BALEARES,De Menorca a Ingeniero Manuel Soto,1232579645.0,ENERO_2025,
A403,ACCESO CAMINO DE MONCADA ( P.I.+ via de servicio),Entrada,11778695.0,ENERO_2025,
A404,ACCESO CAMINO DE MONCADA ( P.I.+ via de servicio),Salida,109751691666667.0,ENERO_2025,
A405,P.I. ANTONIO FERRANDIS,Entre Ausias March y Autopista del Saler,222555758333333.0,ENERO_2025,
A406,PROLONGACION JUAN XXIII,Entre Hermnanos Machado y Salvador Cervero,100592674166667.0,ENERO_2025,
A407,AVDA. DEL LEVANTE U.D.(entre Av. de Ecuador  y Juan XXIII),,132968504166667.0,ENERO_2025,
A408,ANTONIO FERRANDIS (entre Ausias March y Av. Amado Granell Mesado (militar)),,481566104166667.0,ENERO_2025,
A409,CAMINO DE LAS MORERAS (Entre Autopista del Saler y Paso elevado ferrocarril),,831824.0,ENERO_2025,
A410,AUTOPISTA DEL SALER (entre Avda. de la Plata y Puente de Monteolivete),,385627758333333.0,ENERO_2025,
A411,MENORCA,Entre prolongación alameda y Av. Francia,430394091666667.0,ENERO_2025,
A412,PONT DE L' ASSUT DE L' OR,Entre Menorca y Autopista del Saler,536096916666667.0,ENERO_2025,
A413,MENORCA,Entre Av. Francia y Av. Baleares,447696.0,ENERO_2025,
A414,INGENIERO FAUSTO ELIO,Entre Av de los Naranjos y C/ Mendizábal,248006157166667.0,ENERO_2025,
A415,SANTOS JUSTO Y PASTOR,Entre Jose Mª Haro y Serrería,738389333333333.0,ENERO_2025,
A416,AV. NARANJOS,Entre Luis Peixó y Paseo Marítimo,167959985294118.0,ENERO_2025,
A417,P.I. AV. CATALUÑA + P.I. CLARIANO,a V-21,291319991666667.0,ENERO_2025,
A418,ACCESO BARCELONA (PASO INFERIOR DE SALIDA),De Clariano a V-21,122779508333333.0,ENERO_2025,
A419,P.I. AV. CATALUÑA + P.I. CLARIANO,,551512483333333.0,ENERO_2025,
A42,AYORA,De Tres Forques a Av. Del Cid,8507165.0,ENERO_2025,
A420,AV. TRES CRUCES (Entre Campos Crespo y Gaspar Aguilar),,344394391666667.0,ENERO_2025,
A421,AV. TRES CRUCES (Entre Camino Nuevo de Picaña y Campos Crespo),,391866133333333.0,ENERO_2025,
A422,AV. CORTES VALENCIANAS,Desde Ronda Norte a Camp de Turia,891218266666667.0,ENERO_2025,
A423,PASEO DE LA ALAMEDA,del Pte. Del Reino a Pte. De Monteolivete,162485375.0,ENERO_2025,
A424,AVDA. FRANCIA,de Padre Tomás de Montañana a Paseo de la Alameda,815640916666667.0,ENERO_2025,
A425,CAMPOS CRESPO (Entre Tres Cruces y Fray Junípero Serra),,114000654666667.0,ENERO_2025,
A426,PIO XI (de Fray Junípero Serra a Fontanares),Fontanares,674830294117647.0,ENERO_2025,
A427,PONT DE FUSTA ( de Cronista Rivelles a Conde Trenor),Torres de Serrano,61244725.0,ENERO_2025,
A43,BARCAS - PINTOR SOROLLA,De Plaza del Ayuntamiento a Pl. Alfonso el Magnánimo,8983167325.0,ENERO_2025,
A430,CONSTITUCIÓN,Desde Pl. Don Bosco hasta Av. Hermanos Machado,10284629025.0,ENERO_2025,
A431,CONSTITUCIÓN,Desde Pl. Don Bosco hasta C/ Ruaya,591284083333333.0,ENERO_2025,
A432,ACCESO CAMINO DE MONCADA (P.I. + vías de servicio),,227538641666667.0,ENERO_2025,
A433,AV. PIO BAROJA ( Entre Manuel de Falla Y General Avilés),,4903498375.0,ENERO_2025,
A434,ÁNGEL GUIMERÁ (de Avda. Fernando el Católico a Buen Orden),Salida de la ciudad,223244008333333.0,ENERO_2025,
A435,PONT DE FUSTA,,61244725.0,ENERO_2025,
A436,C/ JUSTICIA,,507241999999999.0,ENERO_2025,
A438,TRINIDAD,,329153508333333.0,ENERO_2025,
A439,C/ MURILLO,,217588416666667.0,ENERO_2025,
A44,BARÓN DE CARCER,De C/ Pie de la Cruz a Quevedo,671910333333333.0,ENERO_2025,
A441,C/ EDUARDO PRIMO YÚFERA,,831824.0,ENERO_2025,
A442,CAMINO DE LAS MORERAS,,187523657407407.0,ENERO_2025,
A443,CAMINO DEL CANAL,,2716065.0,ENERO_2025,
A444,CONDE LUMINARES,de Hnos. Machado a Coronel Montesinos,785409166666667.0,ENERO_2025,
A445,AV. CONSTITUCIÓN,de Coronel Montesinos a Hnos. Machado,116986145833333.0,ENERO_2025,
A446,AV. CONSTITUCIÓN,entre Pl. Don Bosco y Coronel Montesinos,125593516666667.0,ENERO_2025,
A45,BARON DE CARCER,De Quevedo a Plaza San Agustín,161047916666667.0,ENERO_2025,
A46,BLANQUERIAS ,De Puente de las Artes a Puente de San José,351637966666667.0,ENERO_2025,
A47,BLASCO IBAÑEZ ,Entre Avenida de Aragón y Clariano,369501541666667.0,ENERO_2025,
A48,BLASCO IBAÑEZ ,Entre Botánico Cabanilles a Doctor Moliner,315410675.0,ENERO_2025,
A49,BLASCO IBAÑEZ ,Entre Clariano y Doctor Manuel Candela,3307284375.0,ENERO_2025,
A5,ACCESO BARCELONA ,Entre Primado Reig y Blasco Ibáñez,689366184210526.0,ENERO_2025,
A50,BLASCO IBAÑEZ ,Entre Doctor Manuel Candela y José María Haro,302018245833333.0,ENERO_2025,
A51,BLASCO IBAÑEZ ,Entre Doctor Moliner y Av. Aragón,410792933333333.0,ENERO_2025,
A52,BLASCO IBAÑEZ ,Entre José María Haro y Serrería,1866075.0,ENERO_2025,
A53,BOTANICO CABANILLES ,De Primado Reig a Blasco Ibáñez,210943116666667.0,ENERO_2025,
A54,BRASIL ,De C/ De la Democracia a Cartagena,446708916666667.0,ENERO_2025,
A55,CADIZ ,De Germanías a Peris y Valero,3982345.0,ENERO_2025,
A56,CAMINO DE MONCADA ,Entre Peset Aleixandre y Hnos. Machado,191302783833333.0,ENERO_2025,
A58,CAMINO NUEVO DE PICANYA ,Entre Piedrapiquers y Tres Cruces,632218575.0,ENERO_2025,
A59,ACCESO A ARCHIDUQUE CARLOS POR CAMINO NUEVO DE PICANYA ,Entre V-30 y Piedrapiquers,770500633333333.0,ENERO_2025,
A6,ACCESO ADEMUZ,De Camp del Turia a Av. Burjasot,482359741666667.0,ENERO_2025,
A60,CAMP DE TURIA,Entre Cortes Valencianas a Maestro Rodrigo,197849808333333.0,ENERO_2025,
A61,CAMPANAR,Entre Nicasio Benlloch y Pío XII,85620875.0,ENERO_2025,
A62,CAMPANAR,Entre Pío XII y Tirso de Molina,140740241666667.0,ENERO_2025,
A64,CARDENAL BENLLOCH ,Entre Avenida del Puerto y Santos Justo y Pastor,334762908333333.0,ENERO_2025,
A65,CARDENAL BENLLOCH ,Entre Santos Justo y Pastor a Blasco Ibáñez,315940783333333.0,ENERO_2025,
A66,CARRERA DE SAN LUIS ,De Avenida de la Plata a Hermanos Maristas,301074.0,ENERO_2025,
A67,CARRER DE LA DEMOCRÀCIA,De Velazquez a 9 de Octubre,209461583333333.0,ENERO_2025,
A68,CENTELLES,Entre Maestro Aguilar y Filipinas,6647155625.0,ENERO_2025,
A69,AV. DEL CID,De Archiduque Carlos a Pérez Galdós,38141625.0,ENERO_2025,
A7,PASEO DE LA ALAMEDA,De Eduardo Boscá a Pl. Zaragoza,264335883333333.0,ENERO_2025,
A70,AV. DEL CID,De Enguera a Archiduque Carlos,284204366666667.0,ENERO_2025,
A701,AV. DEL CID ,Entre Sureres y Tres Cruces,110612906666667.0,ENERO_2025,
A702,AV. DEL CID ,Entre José Maestre y Enguera,547669858333333.0,ENERO_2025,
A703,ACCESO ALBORAYA - AV. DE L'ORXATA  ,Entre Alboraya y Hermanos Machado,307686275.0,ENERO_2025,
A704,AUSIAS MARCH  ,Entre Antonio Ferrandis y Ebanista Caselles,63382425.0,ENERO_2025,
A706,P.I. PIO XII,,556683925.0,ENERO_2025,
A707,P.I. AV. CID ,,405811483333333.0,ENERO_2025,
A708,P.I. PÉREZ GALDÓS,,3228199125.0,ENERO_2025,
A709,P.I. CAMINO DE MONCADA,,122907666666667.0,ENERO_2025,
A71,AV. DEL CID,Entre Tres Cruces y Enguera,480113991666667.0,ENERO_2025,
A72,AV. DEL CID,Entre V-30 y Tres Cruces,961426966666667.0,ENERO_2025,
A73,CISCAR ,De Antiguo Reino a Marqués del Túria,531877041666667.0,ENERO_2025,
A74,CLARIANO ,Entre Blasco Ibáñez y ALBALAT DELS TARONGERS,322468983333333.0,ENERO_2025,
A76,COLON,De Pl. Porta de la Mar a Sorní,104850083333333.0,ENERO_2025,
A77,COLON,De Sorní a Ruzafa,14237627525.0,ENERO_2025,
A78,CONDE TRENOR,De Puente de Serranos a Puente de la Trinidad,52981945.0,ENERO_2025,
A8,PASEO DE LA ALAMEDA,De Pl. Zaragoza a Puente de las flores,324900658333333.0,ENERO_2025,
A80,CONSTITUCION,Desde Av. Hermanos Machado hasta C/ Rio Genil,204089341666667.0,ENERO_2025,
A81,CORTES VALENCIANAS ,desde GENERAL AVILES hasta LA SAFOR,675399166666667.0,ENERO_2025,
A82,CORTES VALENCIANAS (ACCESO POR CV-35),Entre Camp del Turia y La Safor,803361908333333.0,ENERO_2025,
A83,CUENCA ,De Fernando el Católico a Guillem de Castro,383904833333333.0,ENERO_2025,
A84,CUENCA ,De Calamocha a Pérez Galdós,463233833333333.0,ENERO_2025,
A85,CUENCA ,De Pérez Galdós a San José de Calasanz,613183888888889.0,ENERO_2025,
A86,CUENCA ,De San José de Calasanz a Fernando el Católico,57209575.0,ENERO_2025,
A87,DOCTOR GOMEZ FERRER ,De Blasco Ibáñez a Primado Reig,73202575.0,ENERO_2025,
A88,DOCTOR LLUCH ,De Mediterráneo a Pintor Ferrandis,50311382.0,ENERO_2025,
A89,DOCTOR LLUCH ,De Dr. Marcos Sopena a Mediterráneo,5600053125.0,ENERO_2025,
A9,PASEO DE LA ALAMEDA,De Pte. De las Flores a Pte. Exposición,328666658333333.0,ENERO_2025,
A90,DOCTOR LLUCH ,De Pintor Ferrandis a Los Naranjos,337234833333333.0,ENERO_2025,
A91,DOCTOR MANUEL CANDELA ,Entre Av. Del Puerto y Santos Justo y Pastor,374713043416667.0,ENERO_2025,
A92,DOCTOR MANUEL CANDELA ,Entre Santos Justo y Pastor y Blasco Ibáñez,366597427083333.0,ENERO_2025,
A93,DOCTOR MARCOS SOPENA ,Entre Pl. Armada Española y Eugenia Viñes,727400784313726.0,ENERO_2025,
A94,DOCTOR MOLINER ,De Alameda a Blasco Ibáñez,110068375.0,ENERO_2025,
A95,DOCTOR PESET ALEIXANDRE ,Entre Av. Burjasot y Juan XXIII,546154888796296.0,ENERO_2025,
A96,DOCTOR PESET ALEIXANDRE ,Entre Camino de Moncada y  Av. Constitución,526771533333333.0,ENERO_2025,
A97,DOCTOR PESET ALEIXANDRE ,Entre Juan XXIII y Camino de Moncada,51176015.0,ENERO_2025,
A98,DOLORES MARQUES ,De Valladolid a Primado Reig,874656875.0,ENERO_2025,
A99,EDUARDO BOSCA ,Entre Nueva Alameda y Av. Del Puerto,360477579166667.0,ENERO_2025,
B1,ACACIAS,,697506666666667.0,ENERO_2025,
B10,BARÓN DE SAN PETRILLO,,126410833333333.0,ENERO_2025,
B100,SERPIS,,576441041666667.0,ENERO_2025,
B103,TAMARINDOS,,291121.0,ENERO_2025,
B104,TENERIFE,,647687666666667.0,ENERO_2025,
B105,TORRES,,28200875.0,ENERO_2025,
B106,VICENTE GALLART,,120195916666667.0,ENERO_2025,
B108,VICENTE LA RODA,,151988125.0,ENERO_2025,
B109,VIRGEN DE LA CABEZA,,308640333333333.0,ENERO_2025,
B11,BENICADELL,,102578416666667.0,ENERO_2025,
B110,VIRGEN DEL SUFRAGIO,,119098083333333.0,ENERO_2025,
B111,ANTONIO FERRANDIS (Entre Autopista Saler y Av. Amado Granell Mesado (militar)),,501384391666667.0,ENERO_2025,
B114,PINTOR FERRANDIS,Entre Doctor Lluch y Pavía,764878947368421.0,ENERO_2025,
B115,ALAMEDA (DE MENORCA A IBIZA),,23102125.0,ENERO_2025,
B116,JUAN XXIII - ROTONDA,,181060308333333.0,ENERO_2025,
B118,MOLINELL,,560937833333333.0,ENERO_2025,
B119,ACTOR MORA,AV. CONSTITUCIÓN,926835087719298.0,ENERO_2025,
B12,BILBAO,,131012696078431.0,ENERO_2025,
B120,ACTOR MORA,VISITACIÓN,553087280701754.0,ENERO_2025,
B122,ARQUITECTO ALFARO,De Francisco Cubells a Av. Puerto,1088175.0,ENERO_2025,
B123,PADRE ANTÓN MARTÍN,De Avda. Naranjos a San Juan de Dios,70706375.0,ENERO_2025,
B124,MENDIZÁBAL,De Álvaro López a Fausto Elio,178993666666667.0,ENERO_2025,
B125,CUARTELL,De Florista a Alquería de Bellver,116932333333333.0,ENERO_2025,
B126,SIERRA AGULLENT,De Florista a Av. Burjasot,286625916666667.0,ENERO_2025,
B127,Doctor Vicente Zaragozá,,357197831666667.0,ENERO_2025,
B13,BORRULL,,21849025.0,ENERO_2025,
B14,BURRIANA,,265328666666667.0,ENERO_2025,
B15,CALIXTO III,,777885833333333.0,ENERO_2025,
B16,CAMPOAMOR,,309634803921569.0,ENERO_2025,
B17,CANAL DE NAVARRÉS,,1188895.0,ENERO_2025,
B18,CARRASQUETA,,22744537037037.0,ENERO_2025,
B19,CARTAGENA,,293624333333333.0,ENERO_2025,
B2,ACTOR MORA,,147992236842105.0,ENERO_2025,
B20,CASTIELFABIG,,24236425.0,ENERO_2025,
B21,CAVITE,,257520708333333.0,ENERO_2025,
B23,COETERS,,292448083333333.0,ENERO_2025,
B24,COFRENTES,,341404570833333.0,ENERO_2025,
B26,CONDE SALVATIERRA,,399961833333333.0,ENERO_2025,
B27,CONVENTO CARMELITAS,,6554675.0,ENERO_2025,
B29,CUENCA TRAMOYERES,,975664166666667.0,ENERO_2025,
B3,"ALAMEDA, NUEVA PROLONGACIÓN DEL PASEO",,120792258333333.0,ENERO_2025,
B30,CURA PLANELLES,,484009166666667.0,ENERO_2025,
B31,DELS PORTS,,1170615.0,ENERO_2025,
B32,DOCTOR PÉREZ FELIU,,108842416666667.0,ENERO_2025,
B33,VICENTE ZARAGOZÁ,,357197831666667.0,ENERO_2025,
B34,DUQUE DE CALABRIA,,149219875.0,ENERO_2025,
B35,EBANISTA CASELLES,,16265045.0,ENERO_2025,
B36,ENGUERA,,401633166666667.0,ENERO_2025,
B37,ERUDITO ORELLANA,,395845666666667.0,ENERO_2025,
B38,ESCULTOL ALFONSO GABINO,,124131916666667.0,ENERO_2025,
B39,ESCULTOR JOSÉ CAPUZ,,379946666666667.0,ENERO_2025,
B4,ALMIRANTE CADARSO,,185342833333333.0,ENERO_2025,
B40,EXPLORADOR ANDRÉS,,260138833333333.0,ENERO_2025,
B41,FÉLIX PIZCUETA,,44752675.0,ENERO_2025,
B42,FINLANDIA,,304443333333333.0,ENERO_2025,
B43,FRANCIA,,411579333333333.0,ENERO_2025,
B44,FRAY JUNÍPERO SERRA,,605874833333333.0,ENERO_2025,
B45,FRAY PEDRO VIVES,,166997359375.0,ENERO_2025,
B46,FUENTE ENCARROZ,,806634166666667.0,ENERO_2025,
B49,GRABADOR ENGUIDANOS,,137295916666667.0,ENERO_2025,
B51,GREGORIO MAYANS,,25080325.0,ENERO_2025,
B52,HABANA,,119684666666667.0,ENERO_2025,
B53,HERMANOS VILLALONGA,,10534575.0,ENERO_2025,
B54,HISTORIADOR COLOMA,,1643875.0,ENERO_2025,
B55,L' HORTA SUD,,210632666666667.0,ENERO_2025,
B57,JACA,De Alboraya a Almazora (Av. Constitucion),7441725.0,ENERO_2025,
B58,JAIME ESTEVE,,362428.0,ENERO_2025,
B59,JÁTIVA,Entre Ruzafa y Alicante,225141864583333.0,ENERO_2025,
B60,JOAQUÍN COSTA,,264847083333333.0,ENERO_2025,
B61,JOSÉ AGUIRRE,,1429045.0,ENERO_2025,
B64,JOSÉ MAESTRE,,115199537037037.0,ENERO_2025,
B65,JUAN GINER,,512053333333333.0,ENERO_2025,
B68,LLOMBAY,,812192708333333.0,ENERO_2025,
B69,MARVÀ,,323279666666667.0,ENERO_2025,
B7,ANDREU ALABARTA,,22718375.0,ENERO_2025,
B70,MENORCA,,438143563.0,ENERO_2025,
B72,MINISTRO LUIS MAYANS,,515010833333333.0,ENERO_2025,
B73,MÚSICO AYLLON,,214281833333333.0,ENERO_2025,
B74,MÚSICO GINÉS,,770912083333333.0,ENERO_2025,
B75,OLTA,,392870458333333.0,ENERO_2025,
B77,PADRE PORTA,,240236916666667.0,ENERO_2025,
B79,PEDRO III,,179942166666667.0,ENERO_2025,
B80,TRAVESÍA PESCADORES,,521209166666667.0,ENERO_2025,
B81,PINTOR GENARO LAHUERTA,,115463041666667.0,ENERO_2025,
B82,PINTOR SALVADOR ABRIL,,190603833333333.0,ENERO_2025,
B84,PLATERO SUÁREZ,,596923583333333.0,ENERO_2025,
B86,POETA MAS Y ROS,,147808529411765.0,ENERO_2025,
B87,POETA MONMENEU,,147418916666667.0,ENERO_2025,
B88,PROGRESO,,817393333333333.0,ENERO_2025,
B89,POBLA DEL DUC,,210122083333333.0,ENERO_2025,
B9,ARTES GRÁFICAS,,185502583333333.0,ENERO_2025,
B90,POBLA LLARGA,,376690350877193.0,ENERO_2025,
B91,RAMÓN ASENSIO,,1004535.0,ENERO_2025,
B92,RAMÓN DUART,,65554525.0,ENERO_2025,
B93,REINA DOÑA GERMANA,,248846.0,ENERO_2025,
B94,RIO TAJO,,86465318627451.0,ENERO_2025,
B95,RODRÍGUEZ DE CEPEDA,,208185333333333.0,ENERO_2025,
B97,SAGASTA,,225722166666667.0,ENERO_2025,
B99,SANTA RITA,,866862833333333.0,ENERO_2025,
A10,PASEO DE LA ALAMEDA,De Pte. Exposición  a Pte. Del Real,,FEBRERO_2025,32938.0
A100,EMILIO BARO,De Primado Reig a Alboraya,,FEBRERO_2025,5709.0
A102,ERNESTO FERRER ,De Cardenal Benlloch a Av. de Aragón,,FEBRERO_2025,4407.0
A103,EUGENIA VIÑES ,De Acequia de la cadena a Mediterráneo,,FEBRERO_2025,4414.0
A104,EUGENIA VIÑES ,Entre Dr. Marcos Sopena y Mediterráneo,,FEBRERO_2025,8288.0
A105,FILIPINAS,Entre Gibraltar y Peris y Valero,,FEBRERO_2025,18999.0
A106,FONTANARES ,Entre Archiduque Carlos y Gaspar Aguilar,,FEBRERO_2025,7207.0
A107,AV. DE FRANCIA,De Tomás de Montañana a Menorca,,FEBRERO_2025,9131.0
A108,GASCO OLIAG ,De Blasco Ibáñez a Primado Reig,,FEBRERO_2025,6730.0
A109,GASPAR AGUILAR ,Entre Fontanares y Tomás de Villarroya,,FEBRERO_2025,14016.0
A11,NUEVA ALAMEDA,De Menorca a Tomás de Montañana,,FEBRERO_2025,7456.0
A110,GASPAR AGUILAR ,De Jesús a Fontanares,,FEBRERO_2025,10381.0
A112,GENERAL ELIO ,Entre Blasco Ibáñez y Puente del Real,,FEBRERO_2025,33880.0
A113,GENERAL GIL DOLZ ,De Alameda a Amadeo de Saboya,,FEBRERO_2025,5112.0
A114,AVDA. AMADO GRANELL MESADO (MILITAR),Entre Av. De la Plata y Hermanos Maristas,,FEBRERO_2025,9602.0
A115,AVDA. AMADO GRANELL MESADO (MILITAR),Entre Peris y Valero y Av. De la Plata,,FEBRERO_2025,7776.0
A116,GIORGETA ,Entre San Vicente y Jesús,,FEBRERO_2025,46941.0
A117,FERNANDO EL CATOLICO,Entre Ángel Guimerá y Paseo Pechina,,FEBRERO_2025,52868.0
A118,GERMANIAS,Entre Ruzafa y Túnel,,FEBRERO_2025,57063.0
A119,P.I. DE GERMANIAS,Pte. Aragón,,FEBRERO_2025,49680.0
A12,NUEVA ALAMEDA,Entre Pte. Del Reino y Eduardo Bosca,,FEBRERO_2025,19046.0
A120,MARQUES DEL TURIA,Entre Hernán Cortés y Ruzafa,,FEBRERO_2025,60877.0
A121,MARQUES DEL TURIA,Entre Puente Aragón y Hernán Cortés,,FEBRERO_2025,56246.0
A122,RAMON Y CAJAL,Entre Pz. España y Ángel Guimerá,,FEBRERO_2025,58570.0
A123,GUADALAVIAR ,Entre Sagunto y Av. Constitución,,FEBRERO_2025,41766.0
A124,GUILLEM DE CASTRO ,De Hospital a Quart,,FEBRERO_2025,12324.0
A126,GUILLEM DE CASTRO ,De Pte. Las Artes a Pte. San José,,FEBRERO_2025,36062.0
A127,GUILLEM DE CASTRO ,De Quart a Paseo Pechina,,FEBRERO_2025,12936.0
A128,GUILLEM DE CASTRO ,De Plz. San Agustín a Hospital,,FEBRERO_2025,26276.0
A13,ALBORAYA,Entre Molinell y Primado Reig,,FEBRERO_2025,8656.0
A130,HERNAN CORTES ,De Colón a G.V. Marqués del Túria,,FEBRERO_2025,4330.0
A131,ISABEL DE VILLENA ,De Acequia de la Cadena a Mendizábal,,FEBRERO_2025,3351.0
A132,ISABEL LA CATOLICA ,De G.V. Marqués del Túria a Colón,,FEBRERO_2025,3664.0
A134,ISLAS CANARIAS ,De Tomás Montañana a Alameda,,FEBRERO_2025,7327.0
A135,J.J. DOMINE ,Entre Av. Del Puerto y Plz. De la Armada Española,,FEBRERO_2025,21197.0
A136,JACINTO BENAVENTE ,Entre Marqués del Túria y Peris y Valero,,FEBRERO_2025,34357.0
A137,JAIME BELTRAN ,Entre Gaspar Aguilar y Uruguay,,FEBRERO_2025,6460.0
A138,JAIME ROIG ,Entre Blasco Ibáñez y Primado Reig,,FEBRERO_2025,6318.0
A139,JESUS ,De G.V. Ramón y Cajal a Pérez Galdós,,FEBRERO_2025,18505.0
A14,ALBORAYA,De San Pío V a Molinell,,FEBRERO_2025,10609.0
A140,JESUS ,De Guillem de Castro a G.V. Ramón y Cajal,,FEBRERO_2025,9685.0
A141,JOAQUIN BALLESTER ,De Pío XII a Ricardo Micó,,FEBRERO_2025,6650.0
A142,JOAQUIN BENLLOCH ,Entre Peris y Valero e Isla Cabrera,,FEBRERO_2025,6951.0
A144,LLANO DE ZAIDIA ,Entre Av. Constitución y Av. Burjasot,,FEBRERO_2025,44822.0
A145,LORCA ,De Pérez Galdós a Av. Del Cid,,FEBRERO_2025,17342.0
A146,MAESTRO RODRIGO ,Entre Pte. Campanar y Valle de la Ballestera,,FEBRERO_2025,42181.0
A147,MAESTRO RODRIGO ,Entre Valle de la Ballestera y General Avilés,,FEBRERO_2025,45160.0
A149,CARRERA DE MALILLA,Entre V-30 y Ronda Sur,,FEBRERO_2025,11960.0
A15,ALCALDE REIG ,De Av. De la Plata a Antiguo Reino de Valencia,,FEBRERO_2025,40424.0
A152,MANUEL DE FALLA ,De Maestro Rodrigo a Av. Pío Baroja,,FEBRERO_2025,22492.0
A153,MANUEL SOTO INGENIERO,Entre Pte. De Astilleros a Av. Del Puerto,,FEBRERO_2025,16834.0
A154,MARQUES DE SOTELO ,Entre Játiva y Plz. Ayuntamiento,,FEBRERO_2025,5604.0
A155,MATIAS PERELLO ,De Av. Antiguo Reino y Maestro Aguilar,,FEBRERO_2025,6700.0
A156,MEDITERRANEO,De la Reina a Eugenia Viñes,,FEBRERO_2025,840.0
A157,MEDITERRANEO,Entre Serrería y la Reina,,FEBRERO_2025,4493.0
A158,MENENDEZ PIDAL ,Entre Av. Burjasot y Ricardo Micó,,FEBRERO_2025,41982.0
A161,MENORCA ,Entre Islas Baleares y Av. Puerto,,FEBRERO_2025,42976.0
A163,MESTRE RACIONAL ,De Jacinto Benavente a Av. Antiguo Reino,,FEBRERO_2025,7533.0
A164,MICER MASCO ,De Av. Suecia a Alameda,,FEBRERO_2025,3214.0
A165,AV. DE LOS NARANJOS,Entre Ramón Llull y Rotonda V-21,,FEBRERO_2025,45835.0
A166,NAVARRO REVERTER ,De Plz. Porta de la Mar y Plz. América,,FEBRERO_2025,8668.0
A167,NICASIO BENLLOCH ,De Av. Campanar a Av. Burjasot,,FEBRERO_2025,6848.0
A168,NICASIO BENLLOCH ,De Camp del Túria a La Safor,,FEBRERO_2025,12090.0
A169,NICASIO BENLLOCH ,De La Safor a General Avilés,,FEBRERO_2025,13445.0
A170,NUEVE DE OCTUBRE  (Ambos Sentidos),De Paseo Pechina a Avenida Cid,,FEBRERO_2025,108651.0
A171,PADRE FERRIS ,Entre Joaquín Ballester y Menéndez Pidal,,FEBRERO_2025,13282.0
A173,PASEO CIUDADELA ,De Pte. De la Exposición a Pte. De las Flores,,FEBRERO_2025,14797.0
A174,PASEO CIUDADELA ,De Pte. del Real a Pte. De la Exposición,,FEBRERO_2025,21119.0
A175,PASEO PECHINA ,De Fernando El Católico a Guillem de Castro,,FEBRERO_2025,27539.0
A176,PASEO PECHINA ,De Nueve de Octubre a Pérez Galdós,,FEBRERO_2025,26251.0
A177,PASEO PECHINA ,De Pérez Galdós a Fernando el Católico,,FEBRERO_2025,24401.0
A178,PAVIA ,Entre Acequia de la Cadena y Mendizábal,,FEBRERO_2025,4199.0
A179,PAVIA ,Entre Av. Mediterráneo y Acequia de la Cadena,,FEBRERO_2025,4568.0
A18,ANGEL GUIMERA ,De Erudito Orellana a Pérez Galdós,,FEBRERO_2025,30363.0
A180,PAZ ,De Comedias a Plz. Reina,,FEBRERO_2025,8383.0
A181,PAZ ,De Glorieta a Comedias,,FEBRERO_2025,11355.0
A182,PEDRAPIQUERS ,Entre Archiduque Carlos y Polígono Vara de Quart,,FEBRERO_2025,16590.0
A183,PEDRO ALEIXANDRE ,Entre Alcalde Reig y Peris y Valero,,FEBRERO_2025,4300.0
A186,PEREZ GALDOS ,Entre Jesús y Cuenca,,FEBRERO_2025,56381.0
A187,PERIS Y VALERO ,Entre Ausias March y Zapadores,,FEBRERO_2025,40015.0
A188,PERIS Y VALERO ,Entre Av. Amado Granell Mesado (militar) y Alcalde Reig,,FEBRERO_2025,38430.0
A189,P.E. AV. GIORGETA,Entre San Vicente y Ausias March,,FEBRERO_2025,53171.0
A19,ANGEL GUIMERA ,De Guillem de Castro a Fernando el Católico,,FEBRERO_2025,4533.0
A190,PERIS Y VALERO ,Entre Zapadores y Av. Amado Granell Mesado (militar),,FEBRERO_2025,43298.0
A191,PINTOR LOPEZ ,De Pte. Trinidad a Pte. Del Real,,FEBRERO_2025,30595.0
A192,"PIO BAROJA, AVENIDA ",desde MANUEL DE FALLA hasta VALLE DE LA BALLESTERA,,FEBRERO_2025,49103.0
A193,PIO XII ,desde AVENIDA CAMPANAR hasta GENERAL AVILES,,FEBRERO_2025,86689.0
A194,PIO XII ,Entre Pte. Ademúz y Av. Camapanar,,FEBRERO_2025,68079.0
A195,AV. DE LA PLATA,Entre Autopista del Saler y Av. Amado Granell Mesado (militar),,FEBRERO_2025,10629.0
A196,AV. DE LA PLATA,Entre Av. Amado Granell Mesado (militar) y Zapadores,,FEBRERO_2025,10091.0
A197,AV. DE LA PLATA,Entre Zapadores y Ausias March,,FEBRERO_2025,9951.0
A198,PRIMADO REIG ,Entre Alfahuir y Dolores Marques,,FEBRERO_2025,41747.0
A199,PRIMADO REIG ,Entre Av. Constitución y Alfahuir,,FEBRERO_2025,48071.0
A20,ANTIGUO REINO,Entre Germanías y Matías Perelló,,FEBRERO_2025,12023.0
A200,PRIMADO REIG ,Entre Doctor Gómez Ferrer y Av. Cataluña,,FEBRERO_2025,34694.0
A201,PRIMADO REIG ,Entre Dolores Marques y Doctor Gómez Ferrer,,FEBRERO_2025,33856.0
A202,P.I. PRIMADO REIG,Entre Primado Reig y Dr. Peset Aleixandre,,FEBRERO_2025,37653.0
A204,"PUERTO, AVENIDA DEL ",De Pl. Zaragoza a Cardenal Benlloch,,FEBRERO_2025,17551.0
A205,"PUERTO, AVENIDA DEL ",de Cardenal Benlloch a Manuel Candela,,FEBRERO_2025,22477.0
A206,"PUERTO, AVENIDA DEL ",de Serrería a Puerto,,FEBRERO_2025,16932.0
A207,AV. DEL PUERTO,de Manuel Candela a Serrería,,FEBRERO_2025,20522.0
A208,QUART - S.J. MONTAÑA ,De Fernando el Católico a Pérez Galdós,,FEBRERO_2025,6288.0
A209,QUART ,De Guillem de Castro a Fernando el Católico,,FEBRERO_2025,6039.0
A21,ANTIGUO REINO,De  Matías Perelló a Peris y Valero,,FEBRERO_2025,9875.0
A210,QUEVEDO ,De Avda. de L'Oest a Guillem de Castro,,FEBRERO_2025,7081.0
A211,RAMON LLULL ,Entre Blasco Ibáñez y Camino el Cabañal,,FEBRERO_2025,25405.0
A212,RAMON LLULL ,Entre Camino del Cabañal y Av. De los Naranjos,,FEBRERO_2025,19042.0
A213,CALLE DE LA REINA,De Av. Naranjos a Pintor Ferrandis,,FEBRERO_2025,4269.0
A214,CALLE DE LA REINA,De Mediterráneo a Plz. De la Armada Española,,FEBRERO_2025,5541.0
A216,ROGER DE LAURIA ,De Plz. Ayuntamiento a Pascual y Genís,,FEBRERO_2025,5911.0
A217,RUZAFA ,De Germanías a Colón,,FEBRERO_2025,7935.0
A218,RUZAFA + MAESTRO AGUILAR,De Peris y Valero a Germanías,,FEBRERO_2025,5903.0
A219,LA SAFOR,Entre Cortes Valencianas y Nicasio Benlloch,,FEBRERO_2025,11646.0
A22,ANTIGUO REINO,Entre Peris y Valero y Alcalde Reig,,FEBRERO_2025,11084.0
A220,GARBÍ,De Av. Burjasot a Nicasio Benlloch,,FEBRERO_2025,3353.0
A221,SAGUNTO ,De Maximiliano Thous a Primado Reig,,FEBRERO_2025,4411.0
A223,SAN PIO V ,De Pte. Del Real a Alboraya,,FEBRERO_2025,35512.0
A225,SAN VICENTE ,Entre José Soto Micó y Tomás de Villarroya,,FEBRERO_2025,24185.0
A226,SAN VICENTE ,De Plz. España a Játiva,,FEBRERO_2025,13653.0
A227,SAN VICENTE ,Entre Tomás de Villarroya y Giorgeta,,FEBRERO_2025,23421.0
A228,SAN VICENTE ,De Játiva a Periodista Azzati,,FEBRERO_2025,6912.0
A230,SANTOS JUSTO Y PASTOR ,Entre Doctor Manuel Candela y Cardenal Benlloch,,FEBRERO_2025,8604.0
A231,SANTOS JUSTO Y PASTOR ,Entre José Maria Haro y Doctor Manuel Candela,,FEBRERO_2025,9828.0
A232,SERRERIA ,Entre Av. Naranjos y Mendizábal,,FEBRERO_2025,25966.0
A233,SERRERIA ,Entre Av. Del Puerto y Santos Justo y Pastor,,FEBRERO_2025,44337.0
A234,SERRERIA,Entre Blasco Ibáñez y Av. De los Naranjos,,FEBRERO_2025,31701.0
A235,SERRERIA ,Entre Santos Justo y Pastor y Blasco Ibáñez,,FEBRERO_2025,48965.0
A236,SORNI,De Pl. de América a Colón,,FEBRERO_2025,3369.0
A237,SUECIA,Entre Micer Mascó y Blasco Ibáñez,,FEBRERO_2025,7880.0
A238,PL. TETUAN,De Puente del Real Glorieta,,FEBRERO_2025,24032.0
A239,TIRSO DE MOLINA ,Entre Av. De Campanar y  Maestro Rodrigo,,FEBRERO_2025,33730.0
A24,ARCHIDUQUE CARLOS ,Entre Fontanares y Tres Forques,,FEBRERO_2025,29923.0
A240,TIRSO DE MOLINA ,De Pío XII a Av. De Campanar,,FEBRERO_2025,21843.0
A241,TOMAS DE MONTAÑANA ,Entre Islas Baleares y Av. Del Puerto,,FEBRERO_2025,31057.0
A242,TOMAS DE MONTAÑANA ,De Puente de Monteolivete a Av. Del Puerto,,FEBRERO_2025,14295.0
A243,TOMAS DE VILLARROYA ,De Gaspar Aguilar a San Vicente,,FEBRERO_2025,1191.0
A244,VARIANTE DE LA TORRE,Entre V-30 y San Vicente,,FEBRERO_2025,24704.0
A245,TRES CRUCES ,Entre Av. Del Cid y Tres Forques,,FEBRERO_2025,59649.0
A246,TRES CRUCES ,Entre Tres Forques y Archiduque Carlos,,FEBRERO_2025,56291.0
A247,TRES FORQUES ,Entre Archiduque Carlos y Tres Cruces,,FEBRERO_2025,12361.0
A248,TRES FORQUES ,Entre Pérez Galdós y Archiduque Carlos,,FEBRERO_2025,19033.0
A25,ARCHIDUQUE CARLOS ,Entre Tres Cruces y Fontanares,,FEBRERO_2025,31126.0
A250,VALLE DE LA BALLESTERA ,Entre Pío Baroja y Maestro Rodrigo,,FEBRERO_2025,12458.0
A251,VALLE DE LA BALLESTERA ,Entre Maestro Rodrigo y Pío XII,,FEBRERO_2025,11665.0
A252,XATIVA ,De Marqués de Sotelo a Pl. San Agustín,,FEBRERO_2025,23908.0
A253,YECLA ,Entre Cardenal Benlloch y Manuel Candela,,FEBRERO_2025,6901.0
A254,ZAPADORES ,De Av. De la Plata a Peris y Valero,,FEBRERO_2025,5715.0
A255,ADEMUZ (ACCESO) ,Entre Camp de Turia y La Safor,,FEBRERO_2025,81889.0
A256,BLANQUERIAS ,De Puente de San José a Pte. de Serranos,,FEBRERO_2025,35458.0
A257,MISLATA (ACCESO) (Pechina - Castán Tobeñas),,,FEBRERO_2025,16997.0
A258,INSTITUTO OBRERO DE VALENCIA,Entre Autopista del Saler y Av. Amado Granell Mesado (militar),,FEBRERO_2025,31966.0
A259,MANUEL CANDELA ,Entre Santos Justo y Pastor y Av. del Puerto,,FEBRERO_2025,32735.0
A26,ARCHIDUQUE CARLOS ,De Av. Del Cid a Tres Forques,,FEBRERO_2025,14666.0
A260,AV. BALEARES ,De Tomás de Montañana a Eduardo Bosca,,FEBRERO_2025,17887.0
A261,AV. BALEARES ,De Menorca a Tomás de Montañana,,FEBRERO_2025,13900.0
A262,SAGUNTO ,De Pl. Santa Mónica a Fray Pedro Vives,,FEBRERO_2025,4546.0
A263,AV. CONSTITUCIÓN,De Ruaya a Llano de Zaida,,FEBRERO_2025,6022.0
A264,GIBRALTAR,De Buenos Aires a G.V. Germanías,,FEBRERO_2025,6246.0
A265,PEDRO ALEIXANDRE,De Luís Oliag a Peris y Valero,,FEBRERO_2025,4300.0
A266,PLAZA AMÉRICA,De Pte. De Aragón a Pte. De las Flores,,FEBRERO_2025,26190.0
A267,PUENTE NUEVE DE OCTUBRE,Entre Pechina y Manuel de Falla,,FEBRERO_2025,67067.0
A268,PUENTE DEL MONTEOLIVETE,Entre Nueva Alameda y Camino del Saler,,FEBRERO_2025,32054.0
A269,ROGER DE LAURIA ,De Pascual y Genís a Colón,,FEBRERO_2025,3435.0
A27,AUSIAS MARCH ,Entre Av. De la Plata y Peris y Valero,,FEBRERO_2025,49906.0
A270,PUENTE DE CAMPANAR,Entre Tirso de Molina y Paseo de Pechina,,FEBRERO_2025,49437.0
A271,PUENTE DE ADEMUZ,Entre Menéndez Pidal y Paseo de Pechina,,FEBRERO_2025,71172.0
A272,PUENTE DE LAS ARTES,Entre Menéndez Pidal y Guillem de Castro,,FEBRERO_2025,13765.0
A273,MENÉNDEZ PIDAL ,Entre Ricardo Micó y Pio XII,,FEBRERO_2025,46759.0
A275,PUENTE DE LA TRINIDAD,De Conde Trenor a San Pio V,,FEBRERO_2025,8872.0
A276,PUENTE DEL REAL,De Pintor López a Alameda,,FEBRERO_2025,21400.0
A277,PUENTE DE LAS FLORES,De Pl. de América a Alameda,,FEBRERO_2025,6697.0
A278,PUENTE DE ARAGÓN,Entre Pl. Zaragoza y Marqués del Turia,,FEBRERO_2025,64753.0
A279,PUENTE DEL REINO,Entre Nueva Alameda y Alcalde Reig,,FEBRERO_2025,8217.0
A28,AUSIAS MARCH ,Entre Hermanos Maristas y Av. De la Plata,,FEBRERO_2025,48211.0
A280,PUENTE DE ANGEL CUSTODIO,Entre Nueva Alameda y Alcalde Reig,,FEBRERO_2025,45800.0
A281,PUENTE DE ASTILLEROS,Entre Espolón Cantarranas y Nazaret,,FEBRERO_2025,17412.0
A283,JUAN VERDEGUER,desde IBIZA hasta INGENIERO MANUEL SOTO,,FEBRERO_2025,13395.0
A284,CLARIANO ,Entre Ramal de Salida y Av. Cataluña,,FEBRERO_2025,20679.0
A285,PESET ALEIXANDRE,Entre Gral. Llorens y Loriguilla,,FEBRERO_2025,17229.0
A286,PESET ALEIXANDRE,Entre General Avilés y Juan XXIII,,FEBRERO_2025,38960.0
A287,ACCESO BARCELONA (PASO INFERIOR),Entre V-21 y Av. Cataluña,,FEBRERO_2025,45417.0
A288,SAGUNTO ,De Pz. Santa Mónica a Ruaya,,FEBRERO_2025,4533.0
A289,AVDA. CONSTITUCIÓN ,De Travesía Moncada a Llano de Zaidia,,FEBRERO_2025,9354.0
A29,AUSIAS MARCH ,Entre Boulevard Sur y Hermanos Maristas,,FEBRERO_2025,69527.0
A290,SAN JOSÉ DE CALASANZ ,De Pérez Galdós a C/ Jesús,,FEBRERO_2025,21472.0
A291,PINTOR BENEDITO ,De Jesús a Pz. España,,FEBRERO_2025,25412.0
A292,PEDRO ALEIXANDRE ,De Escultor José Capuz a Peris y Valero,,FEBRERO_2025,4300.0
A293,DR. MANUEL CANDELA ,Entre Av. Puerto y Santo Justo y Pastor,,FEBRERO_2025,32735.0
A294,JOAQUÍN BALLESTER ,De Padre Ferris a Av. Pío XII,,FEBRERO_2025,6650.0
A295,CLARIANO (SIN PASO INFERIOR),Entre Av. Cataluña y Albalat dels Tarongers,,FEBRERO_2025,21810.0
A297,ACCESO  BARCELONA (RAMAL DE SALIDA DE ROTONDA A V-21),De Paso Inferior a V-21,,FEBRERO_2025,6824.0
A298,ACCESO DE BURJASSOT (ENTRADA),De Av. Burjasot a Nicasio Benlloch,,FEBRERO_2025,3215.0
A299,CAMP DEL TURIA ,Entre Cortes Valencianas y Nicasio Benlloch,,FEBRERO_2025,15073.0
A3,AV. CATALUÑA [De Rotonda a Primado Reig],,,FEBRERO_2025,18601.0
A30,AUTOPISTA DEL SALER ,Entre Antonio Ferrandis y Carretera del Riu,,FEBRERO_2025,36457.0
A301,POETA QUEROL ,De C:/ La Paz a Pintor Sorolla,,FEBRERO_2025,8099.0
A303,JESUS,De Pérez Galdós a Pza. Jesús,,FEBRERO_2025,11157.0
A305,IBIZA ,Entre Islas Baleares y Menorca,,FEBRERO_2025,2844.0
A307,ACCESO BARCELONA (SALIDA),De P.I. Av. Cataluña a V-21,,FEBRERO_2025,17632.0
A308,CORTES VALENCIANAS (de Camp del Túria a La Safor ),Entrada,,FEBRERO_2025,35598.0
A309,CORTES VALENCIANAS (de Camp del Túria a La Safor ),Salida,,FEBRERO_2025,46291.0
A31,AUTOPISTA LATERALES DEL SALER,Entre Av. De la Plata y Pte. De Monteolivete,,FEBRERO_2025,22855.0
A310,AUSIAS MARCH ( ENTRADA),De Bulevar Sur a Hermanos Maristas,,FEBRERO_2025,36297.0
A311,AUSIAS MARCH (SALIDA),De Hermanos Maristas a Bulevar Sur,,FEBRERO_2025,33231.0
A312,AUTOPISTA DEL SALER (P.I.+ Vía servicio ENTRADA),De Carretera Riu a  C/ Actor Antonio Ferrandis,,FEBRERO_2025,18083.0
A313,AUTOPISTA DEL SALER (P.I+ Vía de servicio SALIDA),De Actor Antonio Ferrandis a Carretera Riu,,FEBRERO_2025,18375.0
A314,AV. CID,De V-30 a Tres Cruces,,FEBRERO_2025,51618.0
A315,AV. CID,De Tres Cruces a V-30,,FEBRERO_2025,61576.0
A316,CAMINO NUEVO DE PICANYA,de V-30 a Pedrapiquers,,FEBRERO_2025,39512.0
A317,CAMINO NUEVO DE PICANYA,de Pedrapiquers a V-30,,FEBRERO_2025,39774.0
A319,CONSTITUCION,de San Miguel de los Reyes a  Avda. Doctor Peset Aleixandre,,FEBRERO_2025,10224.0
A32,AUTOPISTA DEL SALER ,Entre Pte. De Monteolivete y Antonio Ferrandis,,FEBRERO_2025,21255.0
A320,CONSTITUCION,De Doctor Peset Aleixandre a San Miguel de los Reyes,,FEBRERO_2025,10252.0
A321,MARQUES DEL TURIA,De Puente Aragón a Hernán Cortes,,FEBRERO_2025,29027.0
A322,MARQUES DEL TURIA,De Hernán Cortes a Puente de Aragón,,FEBRERO_2025,27220.0
A323,PERIS Y VALERO ,De Zapadores a Av. Amado Granell Mesado (militar),,FEBRERO_2025,25580.0
A324,PERIS Y VALERO ,De Av. Amado Granell Mesado (militar) a Zapadores,,FEBRERO_2025,17649.0
A325,BLASCO IBAÑEZ ,De Av. Aragón a Clariano,,FEBRERO_2025,19157.0
A326,BLASCO IBAÑEZ ,De Av. Aragón a Clariano,,FEBRERO_2025,19270.0
A329,TRES FORQUES ,De Tres Cruces a Archiduque Carlos,,FEBRERO_2025,6446.0
A330,TRES FORQUES ,De Archiduque Carlos a Tres Cruces,,FEBRERO_2025,5915.0
A331,AUSIAS MARCH,De Hermanos Maristas a Av. De la Plata,,FEBRERO_2025,27217.0
A332,AUSIAS MARCH ,De Av. De la Plata a Hermanos Maristas,,FEBRERO_2025,20946.0
A334,DOCTOR MANUEL CANDELA ,De Santos Justo y Pastor a Av. Del Puerto,,FEBRERO_2025,24325.0
A336,DOCTOR MANUEL CANDELA ,De Av. Del Puerto a Santos Justo y Pastor,,FEBRERO_2025,14545.0
A337,FONTANARES,De Archiduque Carlos a Gaspar Aguilar,,FEBRERO_2025,3697.0
A34,AV. DE ARAGON,Entre Pl. Zaragoza y Ernesto Ferrer,,FEBRERO_2025,58157.0
A342,FERNANDO EL CATOLICO,De Paseo de Pechina a Ángel Guimerá,,FEBRERO_2025,27840.0
A343,FERNANDO EL CATOLICO,De Ángel Guimerá a Paseo de Pechina,,FEBRERO_2025,25028.0
A344,CONSTITUCION,De Ruaya a Llano de Zaidia,,FEBRERO_2025,12044.0
A345,PUENTE EXPOSICIÓN,De Paseo de Ciudadela a Alameda,,FEBRERO_2025,11090.0
A347,CARRER DE LA DEMOCRÀCIA,De Pérez Galdós a Velázquez,,FEBRERO_2025,5153.0
A349,MAESTRO GUERRERO,De Av. Pérez Galdós a Juan Llorens,,FEBRERO_2025,2333.0
A35,AV. BURJASSOT,De Doctor Peset Aleixandre a Pintor Matarana,,FEBRERO_2025,5375.0
A350,AYORA,De Tres Forques a Av. Del Cid,,FEBRERO_2025,7347.0
A351,MEDITERRANEO,Entre Doctor Lluch  y Eugenia Viñes,,FEBRERO_2025,1968.0
A353,SAN VICENTE - PERIODISTA AZZATI,De Pl. de San Agustín a Sangre y Pl. del Ayuntamiento,,FEBRERO_2025,6039.0
A355,MENENDEZ PIDAL,Entre Beltrán Báguena y Pío XII,,FEBRERO_2025,46759.0
A356,P.I. AUTOPISTA DEL SALER,Entre Av. De la Plata y Autopista del Saler,,FEBRERO_2025,18162.0
A357,AUTOPISTA DEL SALER (PASO INFERIOR Y LATERAL),Entre Instituto Obrero y Antonio Ferrandis,,FEBRERO_2025,39417.0
A359,JOSE Mª HARO,Entre Justo y Pastor y Pedro de Valencia,,FEBRERO_2025,3105.0
A36,AV. BURJASSOT,De Llano de Zaidia a Reus,,FEBRERO_2025,11195.0
A360,AV. DE LOS NARANJOS,Entre Ramón Llull y Luís Peixó,,FEBRERO_2025,32538.0
A361,TRES FORQUES,Entre Tres Cruces y V-30,,FEBRERO_2025,13528.0
A363,GENERAL AVILES,Entre Maestro Rodrigo y Pío Baroja,,FEBRERO_2025,27007.0
A364,PIO BAROJA,Entre Valle de la Ballestera y General Avilés,,FEBRERO_2025,24671.0
A365,MAESTRO RODRIGO,Entre General Avilés y Camp de Turia,,FEBRERO_2025,33561.0
A366,JUAN XXIII,Entre Periodista Gil Sumbiela y Río Nervión,,FEBRERO_2025,23211.0
A367,JUAN XXIII,Entre Peset Aleixandre y Hermanos Machado,,FEBRERO_2025,20975.0
A368,AV. DE FRANCIA,Entre Tomás de Montañana y Pintor Maella,,FEBRERO_2025,10585.0
A369,PASEO DE LA ALAMEDA - AVENIDA DE FRANCIA,Entre Pte. Del Reino y Pte. De Monteolivete,,FEBRERO_2025,24648.0
A37,AV. BURJASSOT,Entre Luis Braille y Burjasot,,FEBRERO_2025,5971.0
A370,PASEO DE LA ALAMEDA,Entre Pte. De Monteolivete y Menorca,,FEBRERO_2025,12628.0
A371,P.E. BULEVAR SUR,Entre San Vicente y Carretera de Malilla,,FEBRERO_2025,45459.0
A373,ACCESO POR V-31 (PISTA DE SILLA),Entre Bulevar Sur y V-31,,FEBRERO_2025,104560.0
A374,TRES CRUCES ENTRE GASPAR AGUILAR Y CAMPOS CRESPO,,,FEBRERO_2025,38053.0
A375,BULEVAR SUR,Entre Gaspar Aguilar y San Vicente,,FEBRERO_2025,41899.0
A376,RONDA NORTE,Entre Av. Cataluña y Emilio Baró,,FEBRERO_2025,63477.0
A377,MAESTRO RODRIGO,Entre Camp de Turia y La Safor,,FEBRERO_2025,40731.0
A378,LA SAFOR,Entre Maestro Rodrigo y Av. de les Corts Valencianes,,FEBRERO_2025,25165.0
A38,AV. BURJASSOT,De Pintor Matarana a Luis Braille,,FEBRERO_2025,3920.0
A382,PIO BAROJA,Entre Gral. Avilés y Maestro Rodrigo,,FEBRERO_2025,22407.0
A383,ALFAHUIR,Entre Ronda Norte y Primado Reig,,FEBRERO_2025,18672.0
A384,TOMAS DE MONTAÑANA,Entre Av. Francia y Av. Baleares,,FEBRERO_2025,32432.0
A386,SUECA,De Literato Azorín a Puerto Rico,,FEBRERO_2025,2195.0
A387,TRES CRUCES,Entre Archiduque Carlos y Campos Crespo,,FEBRERO_2025,34694.0
A388,ALFAHUIR,Entre Valladolid y Primado Reig,,FEBRERO_2025,15013.0
A39,AV. BURJASSOT,De Reus a Peset Aleixandre,,FEBRERO_2025,8446.0
A390,RONDA NORTE,De Juan XXIII a Alfahuir,,FEBRERO_2025,39272.0
A391,RONDA NORTE,De Alfahuir a Juan XXIII,,FEBRERO_2025,43536.0
A392,ALFAHUIR ENTRADA - EMILIO BARO,Entre Ronda Norte y Primado Reig,,FEBRERO_2025,11984.0
A393,P.I. RONDA NORTE,Entre Alfahuir y Camino de Moncada,,FEBRERO_2025,58831.0
A394,ALFAHUIR (SALIDA),De Primado Reig a Ronda Norte,,FEBRERO_2025,8088.0
A395,C/ RUAYA,Entre Constitución y Sagunto,,FEBRERO_2025,7650.0
A396,C/ PINTOR MAELLA,Entre Baleares y Menorca,,FEBRERO_2025,10401.0
A397,REUS,Entre Burjassot y Constitución,,FEBRERO_2025,7820.0
A398,HERMANOS MACHADO,Entre Juan XXIII y Av. Constitución,,FEBRERO_2025,90688.0
A399,HERMANOS MACHADO,Entre Constitución y Alfahuir,,FEBRERO_2025,72561.0
A402,AV. BALEARES,De Menorca a Ingeniero Manuel Soto,,FEBRERO_2025,12955.0
A403,ACCESO CAMINO DE MONCADA ( P.I.+ via de servicio),Entrada,,FEBRERO_2025,12561.0
A404,ACCESO CAMINO DE MONCADA ( P.I.+ via de servicio),Salida,,FEBRERO_2025,11521.0
A405,P.I. ANTONIO FERRANDIS,Entre Ausias March y Autopista del Saler,,FEBRERO_2025,22204.0
A406,PROLONGACION JUAN XXIII,Entre Hermnanos Machado y Salvador Cervero,,FEBRERO_2025,104346.0
A407,AVDA. DEL LEVANTE U.D.(entre Av. de Ecuador  y Juan XXIII),,,FEBRERO_2025,13667.0
A408,ANTONIO FERRANDIS (entre Ausias March y Av. Amado Granell Mesado (militar)),,,FEBRERO_2025,48557.0
A409,CAMINO DE LAS MORERAS (Entre Autopista del Saler y Paso elevado ferrocarril),,,FEBRERO_2025,8632.0
A410,AUTOPISTA DEL SALER (entre Avda. de la Plata y Puente de Monteolivete),,,FEBRERO_2025,41017.0
A411,MENORCA,Entre prolongación alameda y Av. Francia,,FEBRERO_2025,43954.0
A412,PONT DE L' ASSUT DE L' OR,Entre Menorca y Autopista del Saler,,FEBRERO_2025,53499.0
A413,MENORCA,Entre Av. Francia y Av. Baleares,,FEBRERO_2025,45797.0
A414,INGENIERO FAUSTO ELIO,Entre Av de los Naranjos y C/ Mendizábal,,FEBRERO_2025,25966.0
A415,SANTOS JUSTO Y PASTOR,Entre Jose Mª Haro y Serrería,,FEBRERO_2025,7556.0
A416,AV. NARANJOS,Entre Luis Peixó y Paseo Marítimo,,FEBRERO_2025,17361.0
A417,P.I. AV. CATALUÑA + P.I. CLARIANO,a V-21,,FEBRERO_2025,30626.0
A418,ACCESO BARCELONA (PASO INFERIOR DE SALIDA),De Clariano a V-21,,FEBRERO_2025,12980.0
A419,P.I. AV. CATALUÑA + P.I. CLARIANO,,,FEBRERO_2025,58411.0
A42,AYORA,De Tres Forques a Av. Del Cid,,FEBRERO_2025,8742.0
A420,AV. TRES CRUCES (Entre Campos Crespo y Gaspar Aguilar),,,FEBRERO_2025,38053.0
A421,AV. TRES CRUCES (Entre Camino Nuevo de Picaña y Campos Crespo),,,FEBRERO_2025,37731.0
A422,AV. CORTES VALENCIANAS,Desde Ronda Norte a Camp de Turia,,FEBRERO_2025,91335.0
A423,PASEO DE LA ALAMEDA,del Pte. Del Reino a Pte. De Monteolivete,,FEBRERO_2025,16460.0
A424,AVDA. FRANCIA,de Padre Tomás de Montañana a Paseo de la Alameda,,FEBRERO_2025,8187.0
A425,CAMPOS CRESPO (Entre Tres Cruces y Fray Junípero Serra),,,FEBRERO_2025,12244.0
A427,PONT DE FUSTA ( de Cronista Rivelles a Conde Trenor),Torres de Serrano,,FEBRERO_2025,6152.0
A43,BARCAS - PINTOR SOROLLA,De Plaza del Ayuntamiento a Pl. Alfonso el Magnánimo,,FEBRERO_2025,9214.0
A430,CONSTITUCIÓN,Desde Pl. Don Bosco hasta Av. Hermanos Machado,,FEBRERO_2025,10412.0
A431,CONSTITUCIÓN,Desde Pl. Don Bosco hasta C/ Ruaya,,FEBRERO_2025,5908.0
A432,ACCESO CAMINO DE MONCADA (P.I. + vías de servicio),,,FEBRERO_2025,24082.0
A433,AV. PIO BAROJA ( Entre Manuel de Falla Y General Avilés),,,FEBRERO_2025,49194.0
A434,ÁNGEL GUIMERÁ (de Avda. Fernando el Católico a Buen Orden),Salida de la ciudad,,FEBRERO_2025,22524.0
A435,PONT DE FUSTA,,,FEBRERO_2025,6152.0
A436,C/ JUSTICIA,,,FEBRERO_2025,4768.0
A438,TRINIDAD,,,FEBRERO_2025,33367.0
A439,C/ MURILLO,,,FEBRERO_2025,2256.0
A44,BARÓN DE CARCER,De C/ Pie de la Cruz a Quevedo,,FEBRERO_2025,7101.0
A441,C/ EDUARDO PRIMO YÚFERA,,,FEBRERO_2025,8632.0
A442,CAMINO DE LAS MORERAS,,,FEBRERO_2025,19859.0
A443,CAMINO DEL CANAL,,,FEBRERO_2025,2734.0
A444,CONDE LUMINARES,de Hnos. Machado a Coronel Montesinos,,FEBRERO_2025,7951.0
A445,AV. CONSTITUCIÓN,de Coronel Montesinos a Hnos. Machado,,FEBRERO_2025,11787.0
A446,AV. CONSTITUCIÓN,entre Pl. Don Bosco y Coronel Montesinos,,FEBRERO_2025,12737.0
A45,BARON DE CARCER,De Quevedo a Plaza San Agustín,,FEBRERO_2025,1664.0
A46,BLANQUERIAS ,De Puente de las Artes a Puente de San José,,FEBRERO_2025,36062.0
A47,BLASCO IBAÑEZ ,Entre Avenida de Aragón y Clariano,,FEBRERO_2025,38030.0
A48,BLASCO IBAÑEZ ,Entre Botánico Cabanilles a Doctor Moliner,,FEBRERO_2025,33158.0
A5,ACCESO BARCELONA ,Entre Primado Reig y Blasco Ibáñez,,FEBRERO_2025,72010.0
A50,BLASCO IBAÑEZ ,Entre Doctor Manuel Candela y José María Haro,,FEBRERO_2025,31342.0
A51,BLASCO IBAÑEZ ,Entre Doctor Moliner y Av. Aragón,,FEBRERO_2025,42936.0
A52,BLASCO IBAÑEZ ,Entre José María Haro y Serrería,,FEBRERO_2025,19001.0
A53,BOTANICO CABANILLES ,De Primado Reig a Blasco Ibáñez,,FEBRERO_2025,21414.0
A54,BRASIL ,De C/ De la Democracia a Cartagena,,FEBRERO_2025,4692.0
A55,CADIZ ,De Germanías a Peris y Valero,,FEBRERO_2025,4020.0
A56,CAMINO DE MONCADA ,Entre Peset Aleixandre y Hnos. Machado,,FEBRERO_2025,19894.0
A58,CAMINO NUEVO DE PICANYA ,Entre Piedrapiquers y Tres Cruces,,FEBRERO_2025,64729.0
A59,ACCESO A ARCHIDUQUE CARLOS POR CAMINO NUEVO DE PICANYA ,Entre V-30 y Piedrapiquers,,FEBRERO_2025,79286.0
A6,ACCESO ADEMUZ,De Camp del Turia a Av. Burjasot,,FEBRERO_2025,49570.0
A60,CAMP DE TURIA,Entre Cortes Valencianas a Maestro Rodrigo,,FEBRERO_2025,20451.0
A61,CAMPANAR,Entre Nicasio Benlloch y Pío XII,,FEBRERO_2025,8617.0
A62,CAMPANAR,Entre Pío XII y Tirso de Molina,,FEBRERO_2025,13643.0
A64,CARDENAL BENLLOCH ,Entre Avenida del Puerto y Santos Justo y Pastor,,FEBRERO_2025,34302.0
A65,CARDENAL BENLLOCH ,Entre Santos Justo y Pastor a Blasco Ibáñez,,FEBRERO_2025,32500.0
A66,CARRERA DE SAN LUIS ,De Avenida de la Plata a Hermanos Maristas,,FEBRERO_2025,2987.0
A67,CARRER DE LA DEMOCRÀCIA,De Velazquez a 9 de Octubre,,FEBRERO_2025,2210.0
A68,CENTELLES,Entre Maestro Aguilar y Filipinas,,FEBRERO_2025,6870.0
A69,AV. DEL CID,De Archiduque Carlos a Pérez Galdós,,FEBRERO_2025,38816.0
A7,PASEO DE LA ALAMEDA,De Eduardo Boscá a Pl. Zaragoza,,FEBRERO_2025,27391.0
A70,AV. DEL CID,De Enguera a Archiduque Carlos,,FEBRERO_2025,28938.0
A701,AV. DEL CID ,Entre Sureres y Tres Cruces,,FEBRERO_2025,114183.0
A702,AV. DEL CID ,Entre José Maestre y Enguera,,FEBRERO_2025,59577.0
A703,ACCESO ALBORAYA - AV. DE L'ORXATA  ,Entre Alboraya y Hermanos Machado,,FEBRERO_2025,31425.0
A704,AUSIAS MARCH  ,Entre Antonio Ferrandis y Ebanista Caselles,,FEBRERO_2025,65441.0
A705,SAN VICENTE MÁRTIR ,Entre Arzobispo Olaechea y Dr. Tomás Sala,,FEBRERO_2025,19746.0
A706,P.I. PIO XII,,,FEBRERO_2025,56338.0
A707,P.I. AV. CID ,,,FEBRERO_2025,42026.0
A708,P.I. PÉREZ GALDÓS,,,FEBRERO_2025,32671.0
A709,P.I. CAMINO DE MONCADA,,,FEBRERO_2025,13045.0
A71,AV. DEL CID,Entre Tres Cruces y Enguera,,FEBRERO_2025,51151.0
A72,AV. DEL CID,Entre V-30 y Tres Cruces,,FEBRERO_2025,98700.0
A73,CISCAR ,De Antiguo Reino a Marqués del Túria,,FEBRERO_2025,5499.0
A74,CLARIANO ,Entre Blasco Ibáñez y ALBALAT DELS TARONGERS,,FEBRERO_2025,33491.0
A76,COLON,De Pl. Porta de la Mar a Sorní,,FEBRERO_2025,10739.0
A77,COLON,De Sorní a Ruzafa,,FEBRERO_2025,14189.0
A78,CONDE TRENOR,De Puente de Serranos a Puente de la Trinidad,,FEBRERO_2025,54739.0
A8,PASEO DE LA ALAMEDA,De Pl. Zaragoza a Puente de las flores,,FEBRERO_2025,33512.0
A80,CONSTITUCION,Desde Av. Hermanos Machado hasta C/ Rio Genil,,FEBRERO_2025,20477.0
A81,CORTES VALENCIANAS ,desde GENERAL AVILES hasta LA SAFOR,,FEBRERO_2025,68470.0
A82,CORTES VALENCIANAS (ACCESO POR CV-35),Entre Camp del Turia y La Safor,,FEBRERO_2025,81889.0
A83,CUENCA ,De Fernando el Católico a Guillem de Castro,,FEBRERO_2025,3832.0
A84,CUENCA ,De Calamocha a Pérez Galdós,,FEBRERO_2025,4777.0
A85,CUENCA ,De Pérez Galdós a San José de Calasanz,,FEBRERO_2025,6231.0
A86,CUENCA ,De San José de Calasanz a Fernando el Católico,,FEBRERO_2025,5809.0
A87,DOCTOR GOMEZ FERRER ,De Blasco Ibáñez a Primado Reig,,FEBRERO_2025,7438.0
A88,DOCTOR LLUCH ,De Mediterráneo a Pintor Ferrandis,,FEBRERO_2025,5246.0
A89,DOCTOR LLUCH ,De Dr. Marcos Sopena a Mediterráneo,,FEBRERO_2025,5808.0
A9,PASEO DE LA ALAMEDA,De Pte. De las Flores a Pte. Exposición,,FEBRERO_2025,33653.0
A90,DOCTOR LLUCH ,De Pintor Ferrandis a Los Naranjos,,FEBRERO_2025,3557.0
A91,DOCTOR MANUEL CANDELA ,Entre Av. Del Puerto y Santos Justo y Pastor,,FEBRERO_2025,38556.0
A92,DOCTOR MANUEL CANDELA ,Entre Santos Justo y Pastor y Blasco Ibáñez,,FEBRERO_2025,38514.0
A93,DOCTOR MARCOS SOPENA ,Entre Pl. Armada Española y Eugenia Viñes,,FEBRERO_2025,8287.0
A94,DOCTOR MOLINER ,De Alameda a Blasco Ibáñez,,FEBRERO_2025,11072.0
A95,DOCTOR PESET ALEIXANDRE ,Entre Av. Burjasot y Juan XXIII,,FEBRERO_2025,55630.0
A96,DOCTOR PESET ALEIXANDRE ,Entre Camino de Moncada y  Av. Constitución,,FEBRERO_2025,53833.0
A97,DOCTOR PESET ALEIXANDRE ,Entre Juan XXIII y Camino de Moncada,,FEBRERO_2025,52234.0
A98,DOLORES MARQUES ,De Valladolid a Primado Reig,,FEBRERO_2025,8706.0
A99,EDUARDO BOSCA ,Entre Nueva Alameda y Av. Del Puerto,,FEBRERO_2025,36720.0
B1,ACACIAS,,,FEBRERO_2025,707.0
B10,BARÓN DE SAN PETRILLO,,,FEBRERO_2025,1244.0
B100,SERPIS,,,FEBRERO_2025,6146.0
B103,TAMARINDOS,,,FEBRERO_2025,2859.0
B104,TENERIFE,,,FEBRERO_2025,6696.0
B105,TORRES,,,FEBRERO_2025,2757.0
B106,VICENTE GALLART,,,FEBRERO_2025,1215.0
B108,VICENTE LA RODA,,,FEBRERO_2025,1533.0
B109,VIRGEN DE LA CABEZA,,,FEBRERO_2025,3138.0
B11,BENICADELL,,,FEBRERO_2025,1019.0
B110,VIRGEN DEL SUFRAGIO,,,FEBRERO_2025,1278.0
B111,ANTONIO FERRANDIS (Entre Autopista Saler y Av. Amado Granell Mesado (militar)),,,FEBRERO_2025,50977.0
B114,PINTOR FERRANDIS,Entre Doctor Lluch y Pavía,,FEBRERO_2025,864.0
B115,ALAMEDA (DE MENORCA A IBIZA),,,FEBRERO_2025,2158.0
B116,JUAN XXIII - ROTONDA,,,FEBRERO_2025,18699.0
B118,MOLINELL,,,FEBRERO_2025,5143.0
B119,ACTOR MORA,AV. CONSTITUCIÓN,,FEBRERO_2025,924.0
B12,BILBAO,,,FEBRERO_2025,1294.0
B120,ACTOR MORA,VISITACIÓN,,FEBRERO_2025,545.0
B122,ARQUITECTO ALFARO,De Francisco Cubells a Av. Puerto,,FEBRERO_2025,1159.0
B123,PADRE ANTÓN MARTÍN,De Avda. Naranjos a San Juan de Dios,,FEBRERO_2025,706.0
B124,MENDIZÁBAL,De Álvaro López a Fausto Elio,,FEBRERO_2025,1877.0
B125,CUARTELL,De Florista a Alquería de Bellver,,FEBRERO_2025,1176.0
B126,SIERRA AGULLENT,De Florista a Av. Burjasot,,FEBRERO_2025,2887.0
B127,Doctor Vicente Zaragozá,,,FEBRERO_2025,3635.0
B13,BORRULL,,,FEBRERO_2025,2330.0
B14,BURRIANA,,,FEBRERO_2025,2652.0
B15,CALIXTO III,,,FEBRERO_2025,822.0
B16,CAMPOAMOR,,,FEBRERO_2025,3133.0
B17,CANAL DE NAVARRÉS,,,FEBRERO_2025,1317.0
B18,CARRASQUETA,,,FEBRERO_2025,2511.0
B19,CARTAGENA,,,FEBRERO_2025,2935.0
B2,ACTOR MORA,,,FEBRERO_2025,1468.0
B20,CASTIELFABIG,,,FEBRERO_2025,2305.0
B21,CAVITE,,,FEBRERO_2025,2630.0
B23,COETERS,,,FEBRERO_2025,2706.0
B24,COFRENTES,,,FEBRERO_2025,3464.0
B26,CONDE SALVATIERRA,,,FEBRERO_2025,4099.0
B27,CONVENTO CARMELITAS,,,FEBRERO_2025,622.0
B29,CUENCA TRAMOYERES,,,FEBRERO_2025,960.0
B3,"ALAMEDA, NUEVA PROLONGACIÓN DEL PASEO",,,FEBRERO_2025,12505.0
B30,CURA PLANELLES,,,FEBRERO_2025,501.0
B31,DELS PORTS,,,FEBRERO_2025,1260.0
B32,DOCTOR PÉREZ FELIU,,,FEBRERO_2025,1098.0
B33,VICENTE ZARAGOZÁ,,,FEBRERO_2025,3635.0
B34,DUQUE DE CALABRIA,,,FEBRERO_2025,1551.0
B35,EBANISTA CASELLES,,,FEBRERO_2025,17705.0
B36,ENGUERA,,,FEBRERO_2025,4051.0
B37,ERUDITO ORELLANA,,,FEBRERO_2025,4057.0
B38,ESCULTOL ALFONSO GABINO,,,FEBRERO_2025,1290.0
B39,ESCULTOR JOSÉ CAPUZ,,,FEBRERO_2025,3987.0
B4,ALMIRANTE CADARSO,,,FEBRERO_2025,1881.0
B40,EXPLORADOR ANDRÉS,,,FEBRERO_2025,2680.0
B41,FÉLIX PIZCUETA,,,FEBRERO_2025,4586.0
B42,FINLANDIA,,,FEBRERO_2025,3168.0
B43,FRANCIA,,,FEBRERO_2025,4145.0
B44,FRAY JUNÍPERO SERRA,,,FEBRERO_2025,6198.0
B45,FRAY PEDRO VIVES,,,FEBRERO_2025,1694.0
B46,FUENTE ENCARROZ,,,FEBRERO_2025,819.0
B49,GRABADOR ENGUIDANOS,,,FEBRERO_2025,1369.0
B51,GREGORIO MAYANS,,,FEBRERO_2025,2585.0
B52,HABANA,,,FEBRERO_2025,1236.0
B53,HERMANOS VILLALONGA,,,FEBRERO_2025,1047.0
B54,HISTORIADOR COLOMA,,,FEBRERO_2025,176.0
B55,L' HORTA SUD,,,FEBRERO_2025,2192.0
B57,JACA,De Alboraya a Almazora (Av. Constitucion),,FEBRERO_2025,749.0
B58,JAIME ESTEVE,,,FEBRERO_2025,3603.0
B59,JÁTIVA,Entre Ruzafa y Alicante,,FEBRERO_2025,22662.0
B60,JOAQUÍN COSTA,,,FEBRERO_2025,2666.0
B61,JOSÉ AGUIRRE,,,FEBRERO_2025,1468.0
B64,JOSÉ MAESTRE,,,FEBRERO_2025,1366.0
B65,JUAN GINER,,,FEBRERO_2025,507.0
B68,LLOMBAY,,,FEBRERO_2025,966.0
B69,MARVÀ,,,FEBRERO_2025,3303.0
B7,ANDREU ALABARTA,,,FEBRERO_2025,2552.0
B70,MENORCA,,,FEBRERO_2025,44894.0
B72,MINISTRO LUIS MAYANS,,,FEBRERO_2025,547.0
B73,MÚSICO AYLLON,,,FEBRERO_2025,2181.0
B74,MÚSICO GINÉS,,,FEBRERO_2025,7839.0
B75,OLTA,,,FEBRERO_2025,3909.0
B77,PADRE PORTA,,,FEBRERO_2025,2205.0
B79,PEDRO III,,,FEBRERO_2025,1879.0
B80,TRAVESÍA PESCADORES,,,FEBRERO_2025,572.0
B81,PINTOR GENARO LAHUERTA,,,FEBRERO_2025,1177.0
B82,PINTOR SALVADOR ABRIL,,,FEBRERO_2025,1985.0
B84,PLATERO SUÁREZ,,,FEBRERO_2025,6059.0
B86,POETA MAS Y ROS,,,FEBRERO_2025,1475.0
B87,POETA MONMENEU,,,FEBRERO_2025,1497.0
B88,PROGRESO,,,FEBRERO_2025,841.0
B89,POBLA DEL DUC,,,FEBRERO_2025,2082.0
B9,ARTES GRÁFICAS,,,FEBRERO_2025,1905.0
B90,POBLA LLARGA,,,FEBRERO_2025,354.0
B91,RAMÓN ASENSIO,,,FEBRERO_2025,961.0
B92,RAMÓN DUART,,,FEBRERO_2025,6676.0
B93,REINA DOÑA GERMANA,,,FEBRERO_2025,2508.0
B94,RIO TAJO,,,FEBRERO_2025,866.0
B95,RODRÍGUEZ DE CEPEDA,,,FEBRERO_2025,2059.0
B97,SAGASTA,,,FEBRERO_2025,2136.0
B99,SANTA RITA,,,FEBRERO_2025,8751.0
E71,Pérez Galdós - Giorgeta - Peris y Valero,Eduardo Boscá,,FEBRERO_2025,18066.0
F39,CARRIL BICI PONT DEL REAL,Doble,,FEBRERO_2025,823.0
